dataset,workload,query,query_id,mode,release,profile,run,success,error,primary_metric,time_ms,utility,recall,precision,median_error_pct,q1_sum_median_error_pct,q1_avg_median_error_pct,q1_count_median_error_pct,saa_estimator_utility,saa_estimator_recall,saa_estimator_precision,saa_estimator_median_error_pct,saa_estimator_q1_sum_median_error_pct,saa_estimator_q1_avg_median_error_pct,saa_estimator_q1_count_median_error_pct,saa_sampling_utility,saa_sampling_recall,saa_sampling_precision,saa_sampling_median_error_pct,saa_sampling_q1_sum_median_error_pct,saa_sampling_q1_avg_median_error_pct,saa_sampling_q1_count_median_error_pct,saa_noise_scale_median,saa_noise_scale_mean,saa_noise_scale_max,saa_noise_scale_q1_sum_median,saa_noise_scale_q1_avg_median,saa_noise_scale_q1_count_median,saa_smooth_sensitivity_median,saa_smooth_sensitivity_mean,saa_smooth_sensitivity_max,saa_smooth_sensitivity_q1_sum_median,saa_smooth_sensitivity_q1_avg_median,saa_smooth_sensitivity_q1_count_median,epsilon,delta,sf,dp_sum_bound,dp_sum_bounds,dp_count_bound,dp_max_groups_contributed,privacy_min_group_count,c_u,dp_sass_count_output_bound,dp_sass_sum_output_bound,dp_avg_lower_bounds,dp_avg_upper_bounds,dp_sass_count_output_bounds,dp_sass_sum_output_bounds,dp_sass_count_output_lower_bounds,dp_sass_count_output_upper_bounds,dp_sass_sum_output_lower_bounds,dp_sass_sum_output_upper_bounds,bound_multiplier,dp_sample_lanes,dp_sass_m,dp_sass_rescale,seed,db_path,query_path
tpch_q01_avg_qty_all,tpch_q01_avg_cols,q01_avg_qty_all,1,duckdb,-,customer,0,true,"",utility,75.709176,0,1,1,0,,,,,,,,,,,,,,,,,,,,,,,,,,,,,,1,0,30,1000,"",1000,1,0,1,0,0,"","","","","","","","",1,1,64,true,717182,"tpch_sf30_graviton.db","benchmark/dp/tmp/q01_avg_qty_all.sql"
tpch_q01_avg_qty_all,tpch_q01_avg_cols,q01_avg_qty_all,1,dp_standard,-,customer,0,true,"",utility,1761.855225,9.11387,1,1,9.11387,,,,,,,,,,,,,,,,,,,,,,,,,,,,,,1,1e-06,30,500,"",10,1,0,1,0,0,"0","50","","","","","","",0.01,1,64,true,717182,"tpch_sf30_graviton.db","benchmark/dp/tmp/q01_avg_qty_all.sql"
tpch_q01_avg_qty_all,tpch_q01_avg_cols,q01_avg_qty_all,1,dp_standard,-,customer,0,true,"",utility,1889.179444,0.0279368,1,1,0.0279368,,,,,,,,,,,,,,,,,,,,,,,,,,,,,,1,1e-06,30,5000,"",100,1,0,1,0,0,"0","50","","","","","","",0.1,1,64,true,717182,"tpch_sf30_graviton.db","benchmark/dp/tmp/q01_avg_qty_all.sql"
tpch_q01_avg_qty_all,tpch_q01_avg_cols,q01_avg_qty_all,1,dp_standard,-,customer,0,true,"",utility,1887.606363,0.000708906,1,1,0.000708906,,,,,,,,,,,,,,,,,,,,,,,,,,,,,,1,1e-06,30,50000,"",1000,1,0,1,0,0,"0","50","","","","","","",1,1,64,true,717182,"tpch_sf30_graviton.db","benchmark/dp/tmp/q01_avg_qty_all.sql"
tpch_q01_avg_qty_all,tpch_q01_avg_cols,q01_avg_qty_all,1,dp_standard,-,customer,0,true,"",utility,1916.090684,0.00708856,1,1,0.00708856,,,,,,,,,,,,,,,,,,,,,,,,,,,,,,1,1e-06,30,500000,"",10000,1,0,1,0,0,"0","50","","","","","","",10,1,64,true,717182,"tpch_sf30_graviton.db","benchmark/dp/tmp/q01_avg_qty_all.sql"
tpch_q01_avg_qty_all,tpch_q01_avg_cols,q01_avg_qty_all,1,dp_standard,-,customer,0,true,"",utility,1915.630434,0.0708374,1,1,0.0708374,,,,,,,,,,,,,,,,,,,,,,,,,,,,,,1,1e-06,30,5000000,"",100000,1,0,1,0,0,"0","50","","","","","","",100,1,64,true,717182,"tpch_sf30_graviton.db","benchmark/dp/tmp/q01_avg_qty_all.sql"
tpch_q01_avg_qty_all,tpch_q01_avg_cols,q01_avg_qty_all,1,dp_elastic,-,customer,0,true,"",utility,797.661051,0.00142945,1,1,0.00142945,,,,,,,,,,,,,,,,,,,,,,,,,,,,,,1,1e-06,30,500,"",10,1,0,1,0,0,"0","50","","","","","","",0.01,1,64,true,717182,"tpch_sf30_graviton.db","benchmark/dp/tmp/q01_avg_qty_all.sql"
tpch_q01_avg_qty_all,tpch_q01_avg_cols,q01_avg_qty_all,1,dp_elastic,-,customer,0,true,"",utility,825.761311,0.00142945,1,1,0.00142945,,,,,,,,,,,,,,,,,,,,,,,,,,,,,,1,1e-06,30,5000,"",100,1,0,1,0,0,"0","50","","","","","","",0.1,1,64,true,717182,"tpch_sf30_graviton.db","benchmark/dp/tmp/q01_avg_qty_all.sql"
tpch_q01_avg_qty_all,tpch_q01_avg_cols,q01_avg_qty_all,1,dp_elastic,-,customer,0,true,"",utility,805.20197,0.00142945,1,1,0.00142945,,,,,,,,,,,,,,,,,,,,,,,,,,,,,,1,1e-06,30,50000,"",1000,1,0,1,0,0,"0","50","","","","","","",1,1,64,true,717182,"tpch_sf30_graviton.db","benchmark/dp/tmp/q01_avg_qty_all.sql"
tpch_q01_avg_qty_all,tpch_q01_avg_cols,q01_avg_qty_all,1,dp_elastic,-,customer,0,true,"",utility,807.419901,0.00142945,1,1,0.00142945,,,,,,,,,,,,,,,,,,,,,,,,,,,,,,1,1e-06,30,500000,"",10000,1,0,1,0,0,"0","50","","","","","","",10,1,64,true,717182,"tpch_sf30_graviton.db","benchmark/dp/tmp/q01_avg_qty_all.sql"
tpch_q01_avg_qty_all,tpch_q01_avg_cols,q01_avg_qty_all,1,dp_elastic,-,customer,0,true,"",utility,805.401991,0.00142945,1,1,0.00142945,,,,,,,,,,,,,,,,,,,,,,,,,,,,,,1,1e-06,30,5000000,"",100000,1,0,1,0,0,"0","50","","","","","","",100,1,64,true,717182,"tpch_sf30_graviton.db","benchmark/dp/tmp/q01_avg_qty_all.sql"
tpch_q01_avg_qty_all,tpch_q01_avg_cols,q01_avg_qty_all,1,duckdb,-,customer,1,true,"",utility,38.207077,0,1,1,0,,,,,,,,,,,,,,,,,,,,,,,,,,,,,,1,0,30,1000,"",1000,1,0,1,0,0,"","","","","","","","",1,1,64,true,727155,"tpch_sf30_graviton.db","benchmark/dp/tmp/q01_avg_qty_all.sql"
tpch_q01_avg_qty_all,tpch_q01_avg_cols,q01_avg_qty_all,1,dp_standard,-,customer,1,true,"",utility,1810.56359,9.11389,1,1,9.11389,,,,,,,,,,,,,,,,,,,,,,,,,,,,,,1,1e-06,30,500,"",10,1,0,1,0,0,"0","50","","","","","","",0.01,1,64,true,727155,"tpch_sf30_graviton.db","benchmark/dp/tmp/q01_avg_qty_all.sql"
tpch_q01_avg_qty_all,tpch_q01_avg_cols,q01_avg_qty_all,1,dp_standard,-,customer,1,true,"",utility,2053.216267,0.0279891,1,1,0.0279891,,,,,,,,,,,,,,,,,,,,,,,,,,,,,,1,1e-06,30,5000,"",100,1,0,1,0,0,"0","50","","","","","","",0.1,1,64,true,727155,"tpch_sf30_graviton.db","benchmark/dp/tmp/q01_avg_qty_all.sql"
tpch_q01_avg_qty_all,tpch_q01_avg_cols,q01_avg_qty_all,1,dp_standard,-,customer,1,true,"",utility,1983.888247,0.00122468,1,1,0.00122468,,,,,,,,,,,,,,,,,,,,,,,,,,,,,,1,1e-06,30,50000,"",1000,1,0,1,0,0,"0","50","","","","","","",1,1,64,true,727155,"tpch_sf30_graviton.db","benchmark/dp/tmp/q01_avg_qty_all.sql"
tpch_q01_avg_qty_all,tpch_q01_avg_cols,q01_avg_qty_all,1,dp_standard,-,customer,1,true,"",utility,1998.403851,0.0122449,1,1,0.0122449,,,,,,,,,,,,,,,,,,,,,,,,,,,,,,1,1e-06,30,500000,"",10000,1,0,1,0,0,"0","50","","","","","","",10,1,64,true,727155,"tpch_sf30_graviton.db","benchmark/dp/tmp/q01_avg_qty_all.sql"
tpch_q01_avg_qty_all,tpch_q01_avg_cols,q01_avg_qty_all,1,dp_standard,-,customer,1,true,"",utility,2000.432569,0.122251,1,1,0.122251,,,,,,,,,,,,,,,,,,,,,,,,,,,,,,1,1e-06,30,5000000,"",100000,1,0,1,0,0,"0","50","","","","","","",100,1,64,true,727155,"tpch_sf30_graviton.db","benchmark/dp/tmp/q01_avg_qty_all.sql"
tpch_q01_avg_qty_all,tpch_q01_avg_cols,q01_avg_qty_all,1,dp_elastic,-,customer,1,true,"",utility,812.181964,0.00246945,1,1,0.00246945,,,,,,,,,,,,,,,,,,,,,,,,,,,,,,1,1e-06,30,500,"",10,1,0,1,0,0,"0","50","","","","","","",0.01,1,64,true,727155,"tpch_sf30_graviton.db","benchmark/dp/tmp/q01_avg_qty_all.sql"
tpch_q01_avg_qty_all,tpch_q01_avg_cols,q01_avg_qty_all,1,dp_elastic,-,customer,1,true,"",utility,831.558901,0.00246945,1,1,0.00246945,,,,,,,,,,,,,,,,,,,,,,,,,,,,,,1,1e-06,30,5000,"",100,1,0,1,0,0,"0","50","","","","","","",0.1,1,64,true,727155,"tpch_sf30_graviton.db","benchmark/dp/tmp/q01_avg_qty_all.sql"
tpch_q01_avg_qty_all,tpch_q01_avg_cols,q01_avg_qty_all,1,dp_elastic,-,customer,1,true,"",utility,819.209176,0.00246945,1,1,0.00246945,,,,,,,,,,,,,,,,,,,,,,,,,,,,,,1,1e-06,30,50000,"",1000,1,0,1,0,0,"0","50","","","","","","",1,1,64,true,727155,"tpch_sf30_graviton.db","benchmark/dp/tmp/q01_avg_qty_all.sql"
tpch_q01_avg_qty_all,tpch_q01_avg_cols,q01_avg_qty_all,1,dp_elastic,-,customer,1,true,"",utility,810.160687,0.00246945,1,1,0.00246945,,,,,,,,,,,,,,,,,,,,,,,,,,,,,,1,1e-06,30,500000,"",10000,1,0,1,0,0,"0","50","","","","","","",10,1,64,true,727155,"tpch_sf30_graviton.db","benchmark/dp/tmp/q01_avg_qty_all.sql"
tpch_q01_avg_qty_all,tpch_q01_avg_cols,q01_avg_qty_all,1,dp_elastic,-,customer,1,true,"",utility,814.103962,0.00246945,1,1,0.00246945,,,,,,,,,,,,,,,,,,,,,,,,,,,,,,1,1e-06,30,5000000,"",100000,1,0,1,0,0,"0","50","","","","","","",100,1,64,true,727155,"tpch_sf30_graviton.db","benchmark/dp/tmp/q01_avg_qty_all.sql"
tpch_q01_avg_qty_all,tpch_q01_avg_cols,q01_avg_qty_all,1,duckdb,-,customer,2,true,"",utility,38.294109,0,1,1,0,,,,,,,,,,,,,,,,,,,,,,,,,,,,,,1,0,30,1000,"",1000,1,0,1,0,0,"","","","","","","","",1,1,64,true,737128,"tpch_sf30_graviton.db","benchmark/dp/tmp/q01_avg_qty_all.sql"
tpch_q01_avg_qty_all,tpch_q01_avg_cols,q01_avg_qty_all,1,dp_standard,-,customer,2,true,"",utility,1836.014568,9.11397,1,1,9.11397,,,,,,,,,,,,,,,,,,,,,,,,,,,,,,1,1e-06,30,500,"",10,1,0,1,0,0,"0","50","","","","","","",0.01,1,64,true,737128,"tpch_sf30_graviton.db","benchmark/dp/tmp/q01_avg_qty_all.sql"
tpch_q01_avg_qty_all,tpch_q01_avg_cols,q01_avg_qty_all,1,dp_standard,-,customer,2,true,"",utility,2033.492013,0.0281103,1,1,0.0281103,,,,,,,,,,,,,,,,,,,,,,,,,,,,,,1,1e-06,30,5000,"",100,1,0,1,0,0,"0","50","","","","","","",0.1,1,64,true,737128,"tpch_sf30_graviton.db","benchmark/dp/tmp/q01_avg_qty_all.sql"
tpch_q01_avg_qty_all,tpch_q01_avg_cols,q01_avg_qty_all,1,dp_standard,-,customer,2,true,"",utility,2036.144885,0.00241937,1,1,0.00241937,,,,,,,,,,,,,,,,,,,,,,,,,,,,,,1,1e-06,30,50000,"",1000,1,0,1,0,0,"0","50","","","","","","",1,1,64,true,737128,"tpch_sf30_graviton.db","benchmark/dp/tmp/q01_avg_qty_all.sql"
tpch_q01_avg_qty_all,tpch_q01_avg_cols,q01_avg_qty_all,1,dp_standard,-,customer,2,true,"",utility,2040.570398,0.0241942,1,1,0.0241942,,,,,,,,,,,,,,,,,,,,,,,,,,,,,,1,1e-06,30,500000,"",10000,1,0,1,0,0,"0","50","","","","","","",10,1,64,true,737128,"tpch_sf30_graviton.db","benchmark/dp/tmp/q01_avg_qty_all.sql"
tpch_q01_avg_qty_all,tpch_q01_avg_cols,q01_avg_qty_all,1,dp_standard,-,customer,2,true,"",utility,2037.272681,0.241987,1,1,0.241987,,,,,,,,,,,,,,,,,,,,,,,,,,,,,,1,1e-06,30,5000000,"",100000,1,0,1,0,0,"0","50","","","","","","",100,1,64,true,737128,"tpch_sf30_graviton.db","benchmark/dp/tmp/q01_avg_qty_all.sql"
tpch_q01_avg_qty_all,tpch_q01_avg_cols,q01_avg_qty_all,1,dp_elastic,-,customer,2,true,"",utility,812.840101,0.00487854,1,1,0.00487854,,,,,,,,,,,,,,,,,,,,,,,,,,,,,,1,1e-06,30,500,"",10,1,0,1,0,0,"0","50","","","","","","",0.01,1,64,true,737128,"tpch_sf30_graviton.db","benchmark/dp/tmp/q01_avg_qty_all.sql"
tpch_q01_avg_qty_all,tpch_q01_avg_cols,q01_avg_qty_all,1,dp_elastic,-,customer,2,true,"",utility,847.997372,0.00487854,1,1,0.00487854,,,,,,,,,,,,,,,,,,,,,,,,,,,,,,1,1e-06,30,5000,"",100,1,0,1,0,0,"0","50","","","","","","",0.1,1,64,true,737128,"tpch_sf30_graviton.db","benchmark/dp/tmp/q01_avg_qty_all.sql"
tpch_q01_avg_qty_all,tpch_q01_avg_cols,q01_avg_qty_all,1,dp_elastic,-,customer,2,true,"",utility,839.329251,0.00487854,1,1,0.00487854,,,,,,,,,,,,,,,,,,,,,,,,,,,,,,1,1e-06,30,50000,"",1000,1,0,1,0,0,"0","50","","","","","","",1,1,64,true,737128,"tpch_sf30_graviton.db","benchmark/dp/tmp/q01_avg_qty_all.sql"
tpch_q01_avg_qty_all,tpch_q01_avg_cols,q01_avg_qty_all,1,dp_elastic,-,customer,2,true,"",utility,796.008216,0.00487854,1,1,0.00487854,,,,,,,,,,,,,,,,,,,,,,,,,,,,,,1,1e-06,30,500000,"",10000,1,0,1,0,0,"0","50","","","","","","",10,1,64,true,737128,"tpch_sf30_graviton.db","benchmark/dp/tmp/q01_avg_qty_all.sql"
tpch_q01_avg_qty_all,tpch_q01_avg_cols,q01_avg_qty_all,1,dp_elastic,-,customer,2,true,"",utility,799.79031,0.00487854,1,1,0.00487854,,,,,,,,,,,,,,,,,,,,,,,,,,,,,,1,1e-06,30,5000000,"",100000,1,0,1,0,0,"0","50","","","","","","",100,1,64,true,737128,"tpch_sf30_graviton.db","benchmark/dp/tmp/q01_avg_qty_all.sql"
tpch_q01_avg_qty_all,tpch_q01_avg_cols,q01_avg_qty_all,1,dp_sass,average,customer,0,true,"",utility,1724.800665,0.0328171,1,1,0.0328171,,,,0.00150690081941155,1,1,0.00150690081941155,,,,0.0343245047125052,1,1,0.0343245047125052,,,,0.000282768160104696,0.000282768160104696,0.000282768160104696,,,,,,,,,,1,1e-06,30,500,"",10,1,0,1,100000000,10000000000,"25.4912884235382","25.5093855857849","","","","","","",0.01,1,64,false,717176,"tpch_sf30_graviton.db","benchmark/dp/tmp/q01_avg_qty_all.sql"
tpch_q01_avg_qty_all,tpch_q01_avg_cols,q01_avg_qty_all,1,dp_sass,average,customer,0,true,"",utility,18389.217421,0.0328171,1,1,0.0328171,,,,0.00150690081941155,1,1,0.00150690081941155,,,,0.0343245047125052,1,1,0.0343245047125052,,,,0.000282768160104696,0.000282768160104696,0.000282768160104696,,,,,,,,,,1,1e-06,30,5000,"",100,1,0,1,1000000000,100000000000,"25.4912884235382","25.5093855857849","","","","","","",0.1,1,64,false,717176,"tpch_sf30_graviton.db","benchmark/dp/tmp/q01_avg_qty_all.sql"
tpch_q01_avg_qty_all,tpch_q01_avg_cols,q01_avg_qty_all,1,dp_sass,average,customer,0,true,"",utility,18600.397165,0.00130739,1,1,0.00130739,,,,0.00150741504042121,1,1,0.00150741504042121,,,,0.000200026736090054,1,1,0.000200026736090054,,,,0.000282768160104696,0.000282768160104696,0.000282768160104696,,,,,,,,,,1,1e-06,30,50000,"",1000,1,0,1,10000000000,1000000000000,"25.4912884235382","25.5093855857849","","","","","","",1,1,64,false,717176,"tpch_sf30_graviton.db","benchmark/dp/tmp/q01_avg_qty_all.sql"
tpch_q01_avg_qty_all,tpch_q01_avg_cols,q01_avg_qty_all,1,dp_sass,average,customer,0,true,"",utility,18340.466662,0.00130739,1,1,0.00130739,,,,0.00150741504042121,1,1,0.00150741504042121,,,,0.000200026736090054,1,1,0.000200026736090054,,,,0.000282768160104696,0.000282768160104696,0.000282768160104696,,,,,,,,,,1,1e-06,30,500000,"",10000,1,0,1,100000000000,10000000000000,"25.4912884235382","25.5093855857849","","","","","","",10,1,64,false,717176,"tpch_sf30_graviton.db","benchmark/dp/tmp/q01_avg_qty_all.sql"
tpch_q01_avg_qty_all,tpch_q01_avg_cols,q01_avg_qty_all,1,dp_sass,average,customer,0,true,"",utility,18492.322059,0.00130739,1,1,0.00130739,,,,0.00150741504042121,1,1,0.00150741504042121,,,,0.000200026736090054,1,1,0.000200026736090054,,,,0.000282768160104696,0.000282768160104696,0.000282768160104696,,,,,,,,,,1,1e-06,30,5000000,"",100000,1,0,1,1000000000000,100000000000000,"25.4912884235382","25.5093855857849","","","","","","",100,1,64,false,717176,"tpch_sf30_graviton.db","benchmark/dp/tmp/q01_avg_qty_all.sql"
tpch_q01_avg_qty_all,tpch_q01_avg_cols,q01_avg_qty_all,1,dp_sass,average,customer,1,true,"",utility,17679.766787,0.0324606,1,1,0.0324606,,,,0.00186322594895842,1,1,0.00186322594895842,,,,0.0343245047125052,1,1,0.0343245047125052,,,,0.000282768160104696,0.000282768160104696,0.000282768160104696,,,,,,,,,,1,1e-06,30,500,"",10,1,0,1,100000000,10000000000,"25.4912884235382","25.5093855857849","","","","","","",0.01,1,64,false,727149,"tpch_sf30_graviton.db","benchmark/dp/tmp/q01_avg_qty_all.sql"
tpch_q01_avg_qty_all,tpch_q01_avg_cols,q01_avg_qty_all,1,dp_sass,average,customer,1,true,"",utility,17097.914802,0.0324606,1,1,0.0324606,,,,0.00186322594895842,1,1,0.00186322594895842,,,,0.0343245047125052,1,1,0.0343245047125052,,,,0.000282768160104696,0.000282768160104696,0.000282768160104696,,,,,,,,,,1,1e-06,30,5000,"",100,1,0,1,1000000000,100000000000,"25.4912884235382","25.5093855857849","","","","","","",0.1,1,64,false,727149,"tpch_sf30_graviton.db","benchmark/dp/tmp/q01_avg_qty_all.sql"
tpch_q01_avg_qty_all,tpch_q01_avg_cols,q01_avg_qty_all,1,dp_sass,average,customer,1,true,"",utility,17315.642727,0.00166384,1,1,0.00166384,,,,0.00186386176381522,1,1,0.00186386176381522,,,,0.000200026736090054,1,1,0.000200026736090054,,,,0.000282768160104696,0.000282768160104696,0.000282768160104696,,,,,,,,,,1,1e-06,30,50000,"",1000,1,0,1,10000000000,1000000000000,"25.4912884235382","25.5093855857849","","","","","","",1,1,64,false,727149,"tpch_sf30_graviton.db","benchmark/dp/tmp/q01_avg_qty_all.sql"
tpch_q01_avg_qty_all,tpch_q01_avg_cols,q01_avg_qty_all,1,dp_sass,average,customer,1,true,"",utility,17109.962374,0.00166384,1,1,0.00166384,,,,0.00186386176381522,1,1,0.00186386176381522,,,,0.000200026736090054,1,1,0.000200026736090054,,,,0.000282768160104696,0.000282768160104696,0.000282768160104696,,,,,,,,,,1,1e-06,30,500000,"",10000,1,0,1,100000000000,10000000000000,"25.4912884235382","25.5093855857849","","","","","","",10,1,64,false,727149,"tpch_sf30_graviton.db","benchmark/dp/tmp/q01_avg_qty_all.sql"
tpch_q01_avg_qty_all,tpch_q01_avg_cols,q01_avg_qty_all,1,dp_sass,average,customer,1,true,"",utility,17189.240406,0.00166384,1,1,0.00166384,,,,0.00186386176381522,1,1,0.00186386176381522,,,,0.000200026736090054,1,1,0.000200026736090054,,,,0.000282768160104696,0.000282768160104696,0.000282768160104696,,,,,,,,,,1,1e-06,30,5000000,"",100000,1,0,1,1000000000000,100000000000000,"25.4912884235382","25.5093855857849","","","","","","",100,1,64,false,727149,"tpch_sf30_graviton.db","benchmark/dp/tmp/q01_avg_qty_all.sql"
tpch_q01_avg_qty_all,tpch_q01_avg_cols,q01_avg_qty_all,1,dp_sass,average,customer,2,true,"",utility,17195.610915,0.0344311,1,1,0.0344311,,,,0.00010654895949489,1,1,0.00010654895949489,,,,0.0343245047125052,1,1,0.0343245047125052,,,,0.000282768160104696,0.000282768160104696,0.000282768160104696,,,,,,,,,,1,1e-06,30,500,"",10,1,0,1,100000000,10000000000,"25.4912884235382","25.5093855857849","","","","","","",0.01,1,64,false,737122,"tpch_sf30_graviton.db","benchmark/dp/tmp/q01_avg_qty_all.sql"
tpch_q01_avg_qty_all,tpch_q01_avg_cols,q01_avg_qty_all,1,dp_sass,average,customer,2,true,"",utility,17743.843654,0.0344311,1,1,0.0344311,,,,0.00010654895949489,1,1,0.00010654895949489,,,,0.0343245047125052,1,1,0.0343245047125052,,,,0.000282768160104696,0.000282768160104696,0.000282768160104696,,,,,,,,,,1,1e-06,30,5000,"",100,1,0,1,1000000000,100000000000,"25.4912884235382","25.5093855857849","","","","","","",0.1,1,64,false,737122,"tpch_sf30_graviton.db","benchmark/dp/tmp/q01_avg_qty_all.sql"
tpch_q01_avg_qty_all,tpch_q01_avg_cols,q01_avg_qty_all,1,dp_sass,average,customer,2,true,"",utility,17767.50144,0.000306612,1,1,0.000306612,,,,0.000106585318698379,1,1,0.000106585318698379,,,,0.000200026736090054,1,1,0.000200026736090054,,,,0.000282768160104696,0.000282768160104696,0.000282768160104696,,,,,,,,,,1,1e-06,30,50000,"",1000,1,0,1,10000000000,1000000000000,"25.4912884235382","25.5093855857849","","","","","","",1,1,64,false,737122,"tpch_sf30_graviton.db","benchmark/dp/tmp/q01_avg_qty_all.sql"
tpch_q01_avg_qty_all,tpch_q01_avg_cols,q01_avg_qty_all,1,dp_sass,average,customer,2,true,"",utility,18347.288051,0.000306612,1,1,0.000306612,,,,0.000106585318698379,1,1,0.000106585318698379,,,,0.000200026736090054,1,1,0.000200026736090054,,,,0.000282768160104696,0.000282768160104696,0.000282768160104696,,,,,,,,,,1,1e-06,30,500000,"",10000,1,0,1,100000000000,10000000000000,"25.4912884235382","25.5093855857849","","","","","","",10,1,64,false,737122,"tpch_sf30_graviton.db","benchmark/dp/tmp/q01_avg_qty_all.sql"
tpch_q01_avg_qty_all,tpch_q01_avg_cols,q01_avg_qty_all,1,dp_sass,average,customer,2,true,"",utility,18079.626677,0.000306612,1,1,0.000306612,,,,0.000106585318698379,1,1,0.000106585318698379,,,,0.000200026736090054,1,1,0.000200026736090054,,,,0.000282768160104696,0.000282768160104696,0.000282768160104696,,,,,,,,,,1,1e-06,30,5000000,"",100000,1,0,1,1000000000000,100000000000000,"25.4912884235382","25.5093855857849","","","","","","",100,1,64,false,737122,"tpch_sf30_graviton.db","benchmark/dp/tmp/q01_avg_qty_all.sql"
tpch_q01_avg_qty_all,tpch_q01_avg_cols,q01_avg_qty_all,1,dp_sass,average,customer,0,true,"",utility,1654.932659,0.106458,1,1,0.106458,,,,0.000562768032185066,1,1,0.000562768032185066,,,,0.107021668325433,1,1,0.107021668325433,,,,0.000105679500848048,0.000105679500848048,0.000105679500848048,,,,,,,,,,1,1e-06,30,500,"",10,1,0,1,100000000,10000000000,"25.4738159179688","25.527923822403","","","","","","",0.01,1,512,false,717176,"tpch_sf30_graviton.db","benchmark/dp/tmp/q01_avg_qty_all.sql"
tpch_q01_avg_qty_all,tpch_q01_avg_cols,q01_avg_qty_all,1,dp_sass,average,customer,0,true,"",utility,18273.179959,0.106458,1,1,0.106458,,,,0.000562768032185066,1,1,0.000562768032185066,,,,0.107021668325433,1,1,0.107021668325433,,,,0.000105679500848048,0.000105679500848048,0.000105679500848048,,,,,,,,,,1,1e-06,30,5000,"",100,1,0,1,1000000000,100000000000,"25.4738159179688","25.527923822403","","","","","","",0.1,1,512,false,717176,"tpch_sf30_graviton.db","benchmark/dp/tmp/q01_avg_qty_all.sql"
tpch_q01_avg_qty_all,tpch_q01_avg_cols,q01_avg_qty_all,1,dp_sass,average,customer,0,true,"",utility,17885.475761,2.95552e-05,1,1,2.95552e-05,,,,0.000563366975575186,1,1,0.000563366975575186,,,,0.000592925547950681,1,1,0.000592925547950681,,,,0.000105679500848048,0.000105679500848048,0.000105679500848048,,,,,,,,,,1,1e-06,30,50000,"",1000,1,0,1,10000000000,1000000000000,"25.4738159179688","25.527923822403","","","","","","",1,1,512,false,717176,"tpch_sf30_graviton.db","benchmark/dp/tmp/q01_avg_qty_all.sql"
tpch_q01_avg_qty_all,tpch_q01_avg_cols,q01_avg_qty_all,1,dp_sass,average,customer,0,true,"",utility,17989.271052,2.95552e-05,1,1,2.95552e-05,,,,0.000563366975575186,1,1,0.000563366975575186,,,,0.000592925547950681,1,1,0.000592925547950681,,,,0.000105679500848048,0.000105679500848048,0.000105679500848048,,,,,,,,,,1,1e-06,30,500000,"",10000,1,0,1,100000000000,10000000000000,"25.4738159179688","25.527923822403","","","","","","",10,1,512,false,717176,"tpch_sf30_graviton.db","benchmark/dp/tmp/q01_avg_qty_all.sql"
tpch_q01_avg_qty_all,tpch_q01_avg_cols,q01_avg_qty_all,1,dp_sass,average,customer,0,true,"",utility,18460.895182,2.95552e-05,1,1,2.95552e-05,,,,0.000563366975575186,1,1,0.000563366975575186,,,,0.000592925547950681,1,1,0.000592925547950681,,,,0.000105679500848048,0.000105679500848048,0.000105679500848048,,,,,,,,,,1,1e-06,30,5000000,"",100000,1,0,1,1000000000000,100000000000000,"25.4738159179688","25.527923822403","","","","","","",100,1,512,false,717176,"tpch_sf30_graviton.db","benchmark/dp/tmp/q01_avg_qty_all.sql"
tpch_q01_avg_qty_all,tpch_q01_avg_cols,q01_avg_qty_all,1,dp_sass,average,customer,1,true,"",utility,18007.688882,0.106325,1,1,0.106325,,,,0.000695841416576171,1,1,0.000695841416576171,,,,0.107021668325433,1,1,0.107021668325433,,,,0.000105679500848048,0.000105679500848048,0.000105679500848048,,,,,,,,,,1,1e-06,30,500,"",10,1,0,1,100000000,10000000000,"25.4738159179688","25.527923822403","","","","","","",0.01,1,512,false,727149,"tpch_sf30_graviton.db","benchmark/dp/tmp/q01_avg_qty_all.sql"
tpch_q01_avg_qty_all,tpch_q01_avg_cols,q01_avg_qty_all,1,dp_sass,average,customer,1,true,"",utility,17989.500325,0.106325,1,1,0.106325,,,,0.000695841416576171,1,1,0.000695841416576171,,,,0.107021668325433,1,1,0.107021668325433,,,,0.000105679500848048,0.000105679500848048,0.000105679500848048,,,,,,,,,,1,1e-06,30,5000,"",100,1,0,1,1000000000,100000000000,"25.4738159179688","25.527923822403","","","","","","",0.1,1,512,false,727149,"tpch_sf30_graviton.db","benchmark/dp/tmp/q01_avg_qty_all.sql"
tpch_q01_avg_qty_all,tpch_q01_avg_cols,q01_avg_qty_all,1,dp_sass,average,customer,1,true,"",utility,17945.330418,0.000103661,1,1,0.000103661,,,,0.000696581987456524,1,1,0.000696581987456524,,,,0.000592925547950681,1,1,0.000592925547950681,,,,0.000105679500848048,0.000105679500848048,0.000105679500848048,,,,,,,,,,1,1e-06,30,50000,"",1000,1,0,1,10000000000,1000000000000,"25.4738159179688","25.527923822403","","","","","","",1,1,512,false,727149,"tpch_sf30_graviton.db","benchmark/dp/tmp/q01_avg_qty_all.sql"
tpch_q01_avg_qty_all,tpch_q01_avg_cols,q01_avg_qty_all,1,dp_sass,average,customer,1,true,"",utility,18020.310375,0.000103661,1,1,0.000103661,,,,0.000696581987456524,1,1,0.000696581987456524,,,,0.000592925547950681,1,1,0.000592925547950681,,,,0.000105679500848048,0.000105679500848048,0.000105679500848048,,,,,,,,,,1,1e-06,30,500000,"",10000,1,0,1,100000000000,10000000000000,"25.4738159179688","25.527923822403","","","","","","",10,1,512,false,727149,"tpch_sf30_graviton.db","benchmark/dp/tmp/q01_avg_qty_all.sql"
tpch_q01_avg_qty_all,tpch_q01_avg_cols,q01_avg_qty_all,1,dp_sass,average,customer,1,true,"",utility,17164.09216,0.000103661,1,1,0.000103661,,,,0.000696581987456524,1,1,0.000696581987456524,,,,0.000592925547950681,1,1,0.000592925547950681,,,,0.000105679500848048,0.000105679500848048,0.000105679500848048,,,,,,,,,,1,1e-06,30,5000000,"",100000,1,0,1,1000000000000,100000000000000,"25.4738159179688","25.527923822403","","","","","","",100,1,512,false,727149,"tpch_sf30_graviton.db","benchmark/dp/tmp/q01_avg_qty_all.sql"
tpch_q01_avg_qty_all,tpch_q01_avg_cols,q01_avg_qty_all,1,dp_sass,average,customer,2,true,"",utility,17109.222125,0.107062,1,1,0.107062,,,,3.97918346652041e-05,1,1,3.97918346652041e-05,,,,0.107021668325433,1,1,0.107021668325433,,,,0.000105679500848048,0.000105679500848048,0.000105679500848048,,,,,,,,,,1,1e-06,30,500,"",10,1,0,1,100000000,10000000000,"25.4738159179688","25.527923822403","","","","","","",0.01,1,512,false,737122,"tpch_sf30_graviton.db","benchmark/dp/tmp/q01_avg_qty_all.sql"
tpch_q01_avg_qty_all,tpch_q01_avg_cols,q01_avg_qty_all,1,dp_sass,average,customer,2,true,"",utility,17000.511215,0.107062,1,1,0.107062,,,,3.97918346652041e-05,1,1,3.97918346652041e-05,,,,0.107021668325433,1,1,0.107021668325433,,,,0.000105679500848048,0.000105679500848048,0.000105679500848048,,,,,,,,,,1,1e-06,30,5000,"",100,1,0,1,1000000000,100000000000,"25.4738159179688","25.527923822403","","","","","","",0.1,1,512,false,737122,"tpch_sf30_graviton.db","benchmark/dp/tmp/q01_avg_qty_all.sql"
tpch_q01_avg_qty_all,tpch_q01_avg_cols,q01_avg_qty_all,1,dp_sass,average,customer,2,true,"",utility,16988.842794,0.00063276,1,1,0.00063276,,,,3.98341843634642e-05,1,1,3.98341843634642e-05,,,,0.000592925547950681,1,1,0.000592925547950681,,,,0.000105679500848048,0.000105679500848048,0.000105679500848048,,,,,,,,,,1,1e-06,30,50000,"",1000,1,0,1,10000000000,1000000000000,"25.4738159179688","25.527923822403","","","","","","",1,1,512,false,737122,"tpch_sf30_graviton.db","benchmark/dp/tmp/q01_avg_qty_all.sql"
tpch_q01_avg_qty_all,tpch_q01_avg_cols,q01_avg_qty_all,1,dp_sass,average,customer,2,true,"",utility,16800.667327,0.00063276,1,1,0.00063276,,,,3.98341843634642e-05,1,1,3.98341843634642e-05,,,,0.000592925547950681,1,1,0.000592925547950681,,,,0.000105679500848048,0.000105679500848048,0.000105679500848048,,,,,,,,,,1,1e-06,30,500000,"",10000,1,0,1,100000000000,10000000000000,"25.4738159179688","25.527923822403","","","","","","",10,1,512,false,737122,"tpch_sf30_graviton.db","benchmark/dp/tmp/q01_avg_qty_all.sql"
tpch_q01_avg_qty_all,tpch_q01_avg_cols,q01_avg_qty_all,1,dp_sass,average,customer,2,true,"",utility,16905.701199,0.00063276,1,1,0.00063276,,,,3.98341843634642e-05,1,1,3.98341843634642e-05,,,,0.000592925547950681,1,1,0.000592925547950681,,,,0.000105679500848048,0.000105679500848048,0.000105679500848048,,,,,,,,,,1,1e-06,30,5000000,"",100000,1,0,1,1000000000000,100000000000000,"25.4738159179688","25.527923822403","","","","","","",100,1,512,false,737122,"tpch_sf30_graviton.db","benchmark/dp/tmp/q01_avg_qty_all.sql"
tpch_q01_avg_price_all,tpch_q01_avg_cols,q01_avg_price_all,1,duckdb,-,customer,0,true,"",utility,79.02913,0,1,1,0,,,,,,,,,,,,,,,,,,,,,,,,,,,,,,1,0,30,1000,"",1000,1,0,1,0,0,"","","","","","","","",1,1,64,true,717182,"tpch_sf30_graviton.db","benchmark/dp/tmp/q01_avg_price_all.sql"
tpch_q01_avg_price_all,tpch_q01_avg_cols,q01_avg_price_all,1,dp_standard,-,customer,0,true,"",utility,1726.762085,89.3085,1,1,89.3085,,,,,,,,,,,,,,,,,,,,,,,,,,,,,,1,1e-06,30,1050000,"",10,1,0,1,0,0,"0","105000","","","","","","",0.01,1,64,true,717182,"tpch_sf30_graviton.db","benchmark/dp/tmp/q01_avg_price_all.sql"
tpch_q01_avg_price_all,tpch_q01_avg_cols,q01_avg_price_all,1,dp_standard,-,customer,0,true,"",utility,1834.130177,0.529255,1,1,0.529255,,,,,,,,,,,,,,,,,,,,,,,,,,,,,,1,1e-06,30,10500000,"",100,1,0,1,0,0,"0","105000","","","","","","",0.1,1,64,true,717182,"tpch_sf30_graviton.db","benchmark/dp/tmp/q01_avg_price_all.sql"
tpch_q01_avg_price_all,tpch_q01_avg_cols,q01_avg_price_all,1,dp_standard,-,customer,0,true,"",utility,1872.70913,0.00129541,1,1,0.00129541,,,,,,,,,,,,,,,,,,,,,,,,,,,,,,1,1e-06,30,105000000,"",1000,1,0,1,0,0,"0","105000","","","","","","",1,1,64,true,717182,"tpch_sf30_graviton.db","benchmark/dp/tmp/q01_avg_price_all.sql"
tpch_q01_avg_price_all,tpch_q01_avg_cols,q01_avg_price_all,1,dp_standard,-,customer,0,true,"",utility,1861.160856,0.0129536,1,1,0.0129536,,,,,,,,,,,,,,,,,,,,,,,,,,,,,,1,1e-06,30,1050000000,"",10000,1,0,1,0,0,"0","105000","","","","","","",10,1,64,true,717182,"tpch_sf30_graviton.db","benchmark/dp/tmp/q01_avg_price_all.sql"
tpch_q01_avg_price_all,tpch_q01_avg_cols,q01_avg_price_all,1,dp_standard,-,customer,0,true,"",utility,1858.73079,0.129448,1,1,0.129448,,,,,,,,,,,,,,,,,,,,,,,,,,,,,,1,1e-06,30,10500000000,"",100000,1,0,1,0,0,"0","105000","","","","","","",100,1,64,true,717182,"tpch_sf30_graviton.db","benchmark/dp/tmp/q01_avg_price_all.sql"
tpch_q01_avg_price_all,tpch_q01_avg_cols,q01_avg_price_all,1,dp_elastic,-,customer,0,true,"",utility,810.445716,0.00261209,1,1,0.00261209,,,,,,,,,,,,,,,,,,,,,,,,,,,,,,1,1e-06,30,1050000,"",10,1,0,1,0,0,"0","105000","","","","","","",0.01,1,64,true,717182,"tpch_sf30_graviton.db","benchmark/dp/tmp/q01_avg_price_all.sql"
tpch_q01_avg_price_all,tpch_q01_avg_cols,q01_avg_price_all,1,dp_elastic,-,customer,0,true,"",utility,830.012211,0.00261209,1,1,0.00261209,,,,,,,,,,,,,,,,,,,,,,,,,,,,,,1,1e-06,30,10500000,"",100,1,0,1,0,0,"0","105000","","","","","","",0.1,1,64,true,717182,"tpch_sf30_graviton.db","benchmark/dp/tmp/q01_avg_price_all.sql"
tpch_q01_avg_price_all,tpch_q01_avg_cols,q01_avg_price_all,1,dp_elastic,-,customer,0,true,"",utility,804.230884,0.00261209,1,1,0.00261209,,,,,,,,,,,,,,,,,,,,,,,,,,,,,,1,1e-06,30,105000000,"",1000,1,0,1,0,0,"0","105000","","","","","","",1,1,64,true,717182,"tpch_sf30_graviton.db","benchmark/dp/tmp/q01_avg_price_all.sql"
tpch_q01_avg_price_all,tpch_q01_avg_cols,q01_avg_price_all,1,dp_elastic,-,customer,0,true,"",utility,796.245272,0.00261209,1,1,0.00261209,,,,,,,,,,,,,,,,,,,,,,,,,,,,,,1,1e-06,30,1050000000,"",10000,1,0,1,0,0,"0","105000","","","","","","",10,1,64,true,717182,"tpch_sf30_graviton.db","benchmark/dp/tmp/q01_avg_price_all.sql"
tpch_q01_avg_price_all,tpch_q01_avg_cols,q01_avg_price_all,1,dp_elastic,-,customer,0,true,"",utility,799.152344,0.00261209,1,1,0.00261209,,,,,,,,,,,,,,,,,,,,,,,,,,,,,,1,1e-06,30,10500000000,"",100000,1,0,1,0,0,"0","105000","","","","","","",100,1,64,true,717182,"tpch_sf30_graviton.db","benchmark/dp/tmp/q01_avg_price_all.sql"
tpch_q01_avg_price_all,tpch_q01_avg_cols,q01_avg_price_all,1,duckdb,-,customer,1,true,"",utility,38.582627,0,1,1,0,,,,,,,,,,,,,,,,,,,,,,,,,,,,,,1,0,30,1000,"",1000,1,0,1,0,0,"","","","","","","","",1,1,64,true,727155,"tpch_sf30_graviton.db","benchmark/dp/tmp/q01_avg_price_all.sql"
tpch_q01_avg_price_all,tpch_q01_avg_cols,q01_avg_price_all,1,dp_standard,-,customer,1,true,"",utility,1770.590314,89.3084,1,1,89.3084,,,,,,,,,,,,,,,,,,,,,,,,,,,,,,1,1e-06,30,1050000,"",10,1,0,1,0,0,"0","105000","","","","","","",0.01,1,64,true,727155,"tpch_sf30_graviton.db","benchmark/dp/tmp/q01_avg_price_all.sql"
tpch_q01_avg_price_all,tpch_q01_avg_cols,q01_avg_price_all,1,dp_standard,-,customer,1,true,"",utility,1917.18625,0.529139,1,1,0.529139,,,,,,,,,,,,,,,,,,,,,,,,,,,,,,1,1e-06,30,10500000,"",100,1,0,1,0,0,"0","105000","","","","","","",0.1,1,64,true,727155,"tpch_sf30_graviton.db","benchmark/dp/tmp/q01_avg_price_all.sql"
tpch_q01_avg_price_all,tpch_q01_avg_cols,q01_avg_price_all,1,dp_standard,-,customer,1,true,"",utility,1906.865769,0.00243385,1,1,0.00243385,,,,,,,,,,,,,,,,,,,,,,,,,,,,,,1,1e-06,30,105000000,"",1000,1,0,1,0,0,"0","105000","","","","","","",1,1,64,true,727155,"tpch_sf30_graviton.db","benchmark/dp/tmp/q01_avg_price_all.sql"
tpch_q01_avg_price_all,tpch_q01_avg_cols,q01_avg_price_all,1,dp_standard,-,customer,1,true,"",utility,1930.051156,0.0243341,1,1,0.0243341,,,,,,,,,,,,,,,,,,,,,,,,,,,,,,1,1e-06,30,1050000000,"",10000,1,0,1,0,0,"0","105000","","","","","","",10,1,64,true,727155,"tpch_sf30_graviton.db","benchmark/dp/tmp/q01_avg_price_all.sql"
tpch_q01_avg_price_all,tpch_q01_avg_cols,q01_avg_price_all,1,dp_standard,-,customer,1,true,"",utility,1933.635544,0.242949,1,1,0.242949,,,,,,,,,,,,,,,,,,,,,,,,,,,,,,1,1e-06,30,10500000000,"",100000,1,0,1,0,0,"0","105000","","","","","","",100,1,64,true,727155,"tpch_sf30_graviton.db","benchmark/dp/tmp/q01_avg_price_all.sql"
tpch_q01_avg_price_all,tpch_q01_avg_cols,q01_avg_price_all,1,dp_elastic,-,customer,1,true,"",utility,810.595764,0.00490753,1,1,0.00490753,,,,,,,,,,,,,,,,,,,,,,,,,,,,,,1,1e-06,30,1050000,"",10,1,0,1,0,0,"0","105000","","","","","","",0.01,1,64,true,727155,"tpch_sf30_graviton.db","benchmark/dp/tmp/q01_avg_price_all.sql"
tpch_q01_avg_price_all,tpch_q01_avg_cols,q01_avg_price_all,1,dp_elastic,-,customer,1,true,"",utility,849.961617,0.00490753,1,1,0.00490753,,,,,,,,,,,,,,,,,,,,,,,,,,,,,,1,1e-06,30,10500000,"",100,1,0,1,0,0,"0","105000","","","","","","",0.1,1,64,true,727155,"tpch_sf30_graviton.db","benchmark/dp/tmp/q01_avg_price_all.sql"
tpch_q01_avg_price_all,tpch_q01_avg_cols,q01_avg_price_all,1,dp_elastic,-,customer,1,true,"",utility,811.611111,0.00490753,1,1,0.00490753,,,,,,,,,,,,,,,,,,,,,,,,,,,,,,1,1e-06,30,105000000,"",1000,1,0,1,0,0,"0","105000","","","","","","",1,1,64,true,727155,"tpch_sf30_graviton.db","benchmark/dp/tmp/q01_avg_price_all.sql"
tpch_q01_avg_price_all,tpch_q01_avg_cols,q01_avg_price_all,1,dp_elastic,-,customer,1,true,"",utility,799.522966,0.00490753,1,1,0.00490753,,,,,,,,,,,,,,,,,,,,,,,,,,,,,,1,1e-06,30,1050000000,"",10000,1,0,1,0,0,"0","105000","","","","","","",10,1,64,true,727155,"tpch_sf30_graviton.db","benchmark/dp/tmp/q01_avg_price_all.sql"
tpch_q01_avg_price_all,tpch_q01_avg_cols,q01_avg_price_all,1,dp_elastic,-,customer,1,true,"",utility,798.962067,0.00490753,1,1,0.00490753,,,,,,,,,,,,,,,,,,,,,,,,,,,,,,1,1e-06,30,10500000000,"",100000,1,0,1,0,0,"0","105000","","","","","","",100,1,64,true,727155,"tpch_sf30_graviton.db","benchmark/dp/tmp/q01_avg_price_all.sql"
tpch_q01_avg_price_all,tpch_q01_avg_cols,q01_avg_price_all,1,duckdb,-,customer,2,true,"",utility,38.526374,0,1,1,0,,,,,,,,,,,,,,,,,,,,,,,,,,,,,,1,0,30,1000,"",1000,1,0,1,0,0,"","","","","","","","",1,1,64,true,737128,"tpch_sf30_graviton.db","benchmark/dp/tmp/q01_avg_price_all.sql"
tpch_q01_avg_price_all,tpch_q01_avg_cols,q01_avg_price_all,1,dp_standard,-,customer,2,true,"",utility,1768.1898,89.3084,1,1,89.3084,,,,,,,,,,,,,,,,,,,,,,,,,,,,,,1,1e-06,30,1050000,"",10,1,0,1,0,0,"0","105000","","","","","","",0.01,1,64,true,737128,"tpch_sf30_graviton.db","benchmark/dp/tmp/q01_avg_price_all.sql"
tpch_q01_avg_price_all,tpch_q01_avg_cols,q01_avg_price_all,1,dp_standard,-,customer,2,true,"",utility,1919.230333,0.529052,1,1,0.529052,,,,,,,,,,,,,,,,,,,,,,,,,,,,,,1,1e-06,30,10500000,"",100,1,0,1,0,0,"0","105000","","","","","","",0.1,1,64,true,737128,"tpch_sf30_graviton.db","benchmark/dp/tmp/q01_avg_price_all.sql"
tpch_q01_avg_price_all,tpch_q01_avg_cols,q01_avg_price_all,1,dp_standard,-,customer,2,true,"",utility,1947.328171,0.00330545,1,1,0.00330545,,,,,,,,,,,,,,,,,,,,,,,,,,,,,,1,1e-06,30,105000000,"",1000,1,0,1,0,0,"0","105000","","","","","","",1,1,64,true,737128,"tpch_sf30_graviton.db","benchmark/dp/tmp/q01_avg_price_all.sql"
tpch_q01_avg_price_all,tpch_q01_avg_cols,q01_avg_price_all,1,dp_standard,-,customer,2,true,"",utility,1939.117224,0.0330541,1,1,0.0330541,,,,,,,,,,,,,,,,,,,,,,,,,,,,,,1,1e-06,30,1050000000,"",10000,1,0,1,0,0,"0","105000","","","","","","",10,1,64,true,737128,"tpch_sf30_graviton.db","benchmark/dp/tmp/q01_avg_price_all.sql"
tpch_q01_avg_price_all,tpch_q01_avg_cols,q01_avg_price_all,1,dp_standard,-,customer,2,true,"",utility,1929.475149,0.330603,1,1,0.330603,,,,,,,,,,,,,,,,,,,,,,,,,,,,,,1,1e-06,30,10500000000,"",100000,1,0,1,0,0,"0","105000","","","","","","",100,1,64,true,737128,"tpch_sf30_graviton.db","benchmark/dp/tmp/q01_avg_price_all.sql"
tpch_q01_avg_price_all,tpch_q01_avg_cols,q01_avg_price_all,1,dp_elastic,-,customer,2,true,"",utility,821.314554,0.00666504,1,1,0.00666504,,,,,,,,,,,,,,,,,,,,,,,,,,,,,,1,1e-06,30,1050000,"",10,1,0,1,0,0,"0","105000","","","","","","",0.01,1,64,true,737128,"tpch_sf30_graviton.db","benchmark/dp/tmp/q01_avg_price_all.sql"
tpch_q01_avg_price_all,tpch_q01_avg_cols,q01_avg_price_all,1,dp_elastic,-,customer,2,true,"",utility,828.115041,0.00666504,1,1,0.00666504,,,,,,,,,,,,,,,,,,,,,,,,,,,,,,1,1e-06,30,10500000,"",100,1,0,1,0,0,"0","105000","","","","","","",0.1,1,64,true,737128,"tpch_sf30_graviton.db","benchmark/dp/tmp/q01_avg_price_all.sql"
tpch_q01_avg_price_all,tpch_q01_avg_cols,q01_avg_price_all,1,dp_elastic,-,customer,2,true,"",utility,813.074347,0.00666504,1,1,0.00666504,,,,,,,,,,,,,,,,,,,,,,,,,,,,,,1,1e-06,30,105000000,"",1000,1,0,1,0,0,"0","105000","","","","","","",1,1,64,true,737128,"tpch_sf30_graviton.db","benchmark/dp/tmp/q01_avg_price_all.sql"
tpch_q01_avg_price_all,tpch_q01_avg_cols,q01_avg_price_all,1,dp_elastic,-,customer,2,true,"",utility,802.101577,0.00666504,1,1,0.00666504,,,,,,,,,,,,,,,,,,,,,,,,,,,,,,1,1e-06,30,1050000000,"",10000,1,0,1,0,0,"0","105000","","","","","","",10,1,64,true,737128,"tpch_sf30_graviton.db","benchmark/dp/tmp/q01_avg_price_all.sql"
tpch_q01_avg_price_all,tpch_q01_avg_cols,q01_avg_price_all,1,dp_elastic,-,customer,2,true,"",utility,804.404856,0.00666504,1,1,0.00666504,,,,,,,,,,,,,,,,,,,,,,,,,,,,,,1,1e-06,30,10500000000,"",100000,1,0,1,0,0,"0","105000","","","","","","",100,1,64,true,737128,"tpch_sf30_graviton.db","benchmark/dp/tmp/q01_avg_price_all.sql"
tpch_q01_avg_price_all,tpch_q01_avg_cols,q01_avg_price_all,1,dp_sass,average,customer,0,true,"",utility,1656.730718,0.0358727,1,1,0.0358727,,,,0.00164760617332666,1,1,0.00164760617332666,,,,0.0375208915252965,1,1,0.0375208915252965,,,,0.463615417481265,0.463615417481265,0.463615417481265,,,,,,,,,,1,1e-06,30,1050000,"",10,1,0,1,100000000,10000000000,"38222.72265625","38252.3940429688","","","","","","",0.01,1,64,false,717176,"tpch_sf30_graviton.db","benchmark/dp/tmp/q01_avg_price_all.sql"
tpch_q01_avg_price_all,tpch_q01_avg_cols,q01_avg_price_all,1,dp_sass,average,customer,0,true,"",utility,16864.236327,0.0358727,1,1,0.0358727,,,,0.00164760617332666,1,1,0.00164760617332666,,,,0.0375208915252965,1,1,0.0375208915252965,,,,0.463615417481265,0.463615417481265,0.463615417481265,,,,,,,,,,1,1e-06,30,10500000,"",100,1,0,1,1000000000,100000000000,"38222.72265625","38252.3940429688","","","","","","",0.1,1,64,false,717176,"tpch_sf30_graviton.db","benchmark/dp/tmp/q01_avg_price_all.sql"
tpch_q01_avg_price_all,tpch_q01_avg_cols,q01_avg_price_all,1,dp_sass,average,customer,0,true,"",utility,17095.805305,0.00116722,1,1,0.00116722,,,,0.00164821644188869,1,1,0.00164821644188869,,,,0.000481002544912835,1,1,0.000481002544912835,,,,0.463615417481265,0.463615417481265,0.463615417481265,,,,,,,,,,1,1e-06,30,105000000,"",1000,1,0,1,10000000000,1000000000000,"38222.72265625","38252.3940429688","","","","","","",1,1,64,false,717176,"tpch_sf30_graviton.db","benchmark/dp/tmp/q01_avg_price_all.sql"
tpch_q01_avg_price_all,tpch_q01_avg_cols,q01_avg_price_all,1,dp_sass,average,customer,0,true,"",utility,17071.533647,0.00116722,1,1,0.00116722,,,,0.00164821644188869,1,1,0.00164821644188869,,,,0.000481002544912835,1,1,0.000481002544912835,,,,0.463615417481265,0.463615417481265,0.463615417481265,,,,,,,,,,1,1e-06,30,1050000000,"",10000,1,0,1,100000000000,10000000000000,"38222.72265625","38252.3940429688","","","","","","",10,1,64,false,717176,"tpch_sf30_graviton.db","benchmark/dp/tmp/q01_avg_price_all.sql"
tpch_q01_avg_price_all,tpch_q01_avg_cols,q01_avg_price_all,1,dp_sass,average,customer,0,true,"",utility,17116.131126,0.00116722,1,1,0.00116722,,,,0.00164821644188869,1,1,0.00164821644188869,,,,0.000481002544912835,1,1,0.000481002544912835,,,,0.463615417481265,0.463615417481265,0.463615417481265,,,,,,,,,,1,1e-06,30,10500000000,"",100000,1,0,1,1000000000000,100000000000000,"38222.72265625","38252.3940429688","","","","","","",100,1,64,false,717176,"tpch_sf30_graviton.db","benchmark/dp/tmp/q01_avg_price_all.sql"
tpch_q01_avg_price_all,tpch_q01_avg_cols,q01_avg_price_all,1,dp_sass,average,customer,1,true,"",utility,17088.293331,0.0354829,1,1,0.0354829,,,,0.00203720280476474,1,1,0.00203720280476474,,,,0.0375208915252965,1,1,0.0375208915252965,,,,0.463615417481265,0.463615417481265,0.463615417481265,,,,,,,,,,1,1e-06,30,1050000,"",10,1,0,1,100000000,10000000000,"38222.72265625","38252.3940429688","","","","","","",0.01,1,64,false,727149,"tpch_sf30_graviton.db","benchmark/dp/tmp/q01_avg_price_all.sql"
tpch_q01_avg_price_all,tpch_q01_avg_cols,q01_avg_price_all,1,dp_sass,average,customer,1,true,"",utility,16991.649942,0.0354829,1,1,0.0354829,,,,0.00203720280476474,1,1,0.00203720280476474,,,,0.0375208915252965,1,1,0.0375208915252965,,,,0.463615417481265,0.463615417481265,0.463615417481265,,,,,,,,,,1,1e-06,30,10500000,"",100,1,0,1,1000000000,100000000000,"38222.72265625","38252.3940429688","","","","","","",0.1,1,64,false,727149,"tpch_sf30_graviton.db","benchmark/dp/tmp/q01_avg_price_all.sql"
tpch_q01_avg_price_all,tpch_q01_avg_cols,q01_avg_price_all,1,dp_sass,average,customer,1,true,"",utility,17160.773444,0.00155696,1,1,0.00155696,,,,0.00203795737879241,1,1,0.00203795737879241,,,,0.000481002544912835,1,1,0.000481002544912835,,,,0.463615417481265,0.463615417481265,0.463615417481265,,,,,,,,,,1,1e-06,30,105000000,"",1000,1,0,1,10000000000,1000000000000,"38222.72265625","38252.3940429688","","","","","","",1,1,64,false,727149,"tpch_sf30_graviton.db","benchmark/dp/tmp/q01_avg_price_all.sql"
tpch_q01_avg_price_all,tpch_q01_avg_cols,q01_avg_price_all,1,dp_sass,average,customer,1,true,"",utility,17914.8144,0.00155696,1,1,0.00155696,,,,0.00203795737879241,1,1,0.00203795737879241,,,,0.000481002544912835,1,1,0.000481002544912835,,,,0.463615417481265,0.463615417481265,0.463615417481265,,,,,,,,,,1,1e-06,30,1050000000,"",10000,1,0,1,100000000000,10000000000000,"38222.72265625","38252.3940429688","","","","","","",10,1,64,false,727149,"tpch_sf30_graviton.db","benchmark/dp/tmp/q01_avg_price_all.sql"
tpch_q01_avg_price_all,tpch_q01_avg_cols,q01_avg_price_all,1,dp_sass,average,customer,1,true,"",utility,18347.403047,0.00155696,1,1,0.00155696,,,,0.00203795737879241,1,1,0.00203795737879241,,,,0.000481002544912835,1,1,0.000481002544912835,,,,0.463615417481265,0.463615417481265,0.463615417481265,,,,,,,,,,1,1e-06,30,10500000000,"",100000,1,0,1,1000000000000,100000000000000,"38222.72265625","38252.3940429688","","","","","","",100,1,64,false,727149,"tpch_sf30_graviton.db","benchmark/dp/tmp/q01_avg_price_all.sql"
tpch_q01_avg_price_all,tpch_q01_avg_cols,q01_avg_price_all,1,dp_sass,average,customer,2,true,"",utility,18343.872218,0.0376374,1,1,0.0376374,,,,0.000116497861822146,1,1,0.000116497861822146,,,,0.0375208915252965,1,1,0.0375208915252965,,,,0.463615417481265,0.463615417481265,0.463615417481265,,,,,,,,,,1,1e-06,30,1050000,"",10,1,0,1,100000000,10000000000,"38222.72265625","38252.3940429688","","","","","","",0.01,1,64,false,737122,"tpch_sf30_graviton.db","benchmark/dp/tmp/q01_avg_price_all.sql"
tpch_q01_avg_price_all,tpch_q01_avg_cols,q01_avg_price_all,1,dp_sass,average,customer,2,true,"",utility,18275.09657,0.0376374,1,1,0.0376374,,,,0.000116497861822146,1,1,0.000116497861822146,,,,0.0375208915252965,1,1,0.0375208915252965,,,,0.463615417481265,0.463615417481265,0.463615417481265,,,,,,,,,,1,1e-06,30,10500000,"",100,1,0,1,1000000000,100000000000,"38222.72265625","38252.3940429688","","","","","","",0.1,1,64,false,737122,"tpch_sf30_graviton.db","benchmark/dp/tmp/q01_avg_price_all.sql"
tpch_q01_avg_price_all,tpch_q01_avg_cols,q01_avg_price_all,1,dp_sass,average,customer,2,true,"",utility,18369.854813,0.000597544,1,1,0.000597544,,,,0.000116541012293274,1,1,0.000116541012293274,,,,0.000481002544912835,1,1,0.000481002544912835,,,,0.463615417481265,0.463615417481265,0.463615417481265,,,,,,,,,,1,1e-06,30,105000000,"",1000,1,0,1,10000000000,1000000000000,"38222.72265625","38252.3940429688","","","","","","",1,1,64,false,737122,"tpch_sf30_graviton.db","benchmark/dp/tmp/q01_avg_price_all.sql"
tpch_q01_avg_price_all,tpch_q01_avg_cols,q01_avg_price_all,1,dp_sass,average,customer,2,true,"",utility,18818.971499,0.000597544,1,1,0.000597544,,,,0.000116541012293274,1,1,0.000116541012293274,,,,0.000481002544912835,1,1,0.000481002544912835,,,,0.463615417481265,0.463615417481265,0.463615417481265,,,,,,,,,,1,1e-06,30,1050000000,"",10000,1,0,1,100000000000,10000000000000,"38222.72265625","38252.3940429688","","","","","","",10,1,64,false,737122,"tpch_sf30_graviton.db","benchmark/dp/tmp/q01_avg_price_all.sql"
tpch_q01_avg_price_all,tpch_q01_avg_cols,q01_avg_price_all,1,dp_sass,average,customer,2,true,"",utility,19236.618674,0.000597544,1,1,0.000597544,,,,0.000116541012293274,1,1,0.000116541012293274,,,,0.000481002544912835,1,1,0.000481002544912835,,,,0.463615417481265,0.463615417481265,0.463615417481265,,,,,,,,,,1,1e-06,30,10500000000,"",100000,1,0,1,1000000000000,100000000000000,"38222.72265625","38252.3940429688","","","","","","",100,1,64,false,737122,"tpch_sf30_graviton.db","benchmark/dp/tmp/q01_avg_price_all.sql"
tpch_q01_avg_price_all,tpch_q01_avg_cols,q01_avg_price_all,1,dp_sass,average,customer,0,true,"",utility,1720.063262,0.118131,1,1,0.118131,,,,0.000626121858846684,1,1,0.000626121858846684,,,,0.118757981734387,1,1,0.118757981734387,,,,0.176325798034568,0.176325798034568,0.176325798034568,,,,,,,,,,1,1e-06,30,1050000,"",10,1,0,1,100000000,10000000000,"38193.1787109375","38283.4575195312","","","","","","",0.01,1,512,false,717176,"tpch_sf30_graviton.db","benchmark/dp/tmp/q01_avg_price_all.sql"
tpch_q01_avg_price_all,tpch_q01_avg_cols,q01_avg_price_all,1,dp_sass,average,customer,0,true,"",utility,19340.692104,0.118131,1,1,0.118131,,,,0.000626121858846684,1,1,0.000626121858846684,,,,0.118757981734387,1,1,0.118757981734387,,,,0.176325798034568,0.176325798034568,0.176325798034568,,,,,,,,,,1,1e-06,30,10500000,"",100,1,0,1,1000000000,100000000000,"38193.1787109375","38283.4575195312","","","","","","",0.1,1,512,false,717176,"tpch_sf30_graviton.db","benchmark/dp/tmp/q01_avg_price_all.sql"
tpch_q01_avg_price_all,tpch_q01_avg_cols,q01_avg_price_all,1,dp_sass,average,customer,0,true,"",utility,18936.31307,0.00130663,1,1,0.00130663,,,,0.000626869689777551,1,1,0.000626869689777551,,,,0.000679766173526119,1,1,0.000679766173526119,,,,0.176325798034568,0.176325798034568,0.176325798034568,,,,,,,,,,1,1e-06,30,105000000,"",1000,1,0,1,10000000000,1000000000000,"38193.1787109375","38283.4575195312","","","","","","",1,1,512,false,717176,"tpch_sf30_graviton.db","benchmark/dp/tmp/q01_avg_price_all.sql"
tpch_q01_avg_price_all,tpch_q01_avg_cols,q01_avg_price_all,1,dp_sass,average,customer,0,true,"",utility,19077.606088,0.00130663,1,1,0.00130663,,,,0.000626869689777551,1,1,0.000626869689777551,,,,0.000679766173526119,1,1,0.000679766173526119,,,,0.176325798034568,0.176325798034568,0.176325798034568,,,,,,,,,,1,1e-06,30,1050000000,"",10000,1,0,1,100000000000,10000000000000,"38193.1787109375","38283.4575195312","","","","","","",10,1,512,false,717176,"tpch_sf30_graviton.db","benchmark/dp/tmp/q01_avg_price_all.sql"
tpch_q01_avg_price_all,tpch_q01_avg_cols,q01_avg_price_all,1,dp_sass,average,customer,0,true,"",utility,18858.202331,0.00130663,1,1,0.00130663,,,,0.000626869689777551,1,1,0.000626869689777551,,,,0.000679766173526119,1,1,0.000679766173526119,,,,0.176325798034568,0.176325798034568,0.176325798034568,,,,,,,,,,1,1e-06,30,10500000000,"",100000,1,0,1,1000000000000,100000000000000,"38193.1787109375","38283.4575195312","","","","","","",100,1,512,false,717176,"tpch_sf30_graviton.db","benchmark/dp/tmp/q01_avg_price_all.sql"
tpch_q01_avg_price_all,tpch_q01_avg_cols,q01_avg_price_all,1,dp_sass,average,customer,1,true,"",utility,19203.242813,0.117983,1,1,0.117983,,,,0.000774176030425797,1,1,0.000774176030425797,,,,0.118757981734387,1,1,0.118757981734387,,,,0.176325798034568,0.176325798034568,0.176325798034568,,,,,,,,,,1,1e-06,30,1050000,"",10,1,0,1,100000000,10000000000,"38193.1787109375","38283.4575195312","","","","","","",0.01,1,512,false,727149,"tpch_sf30_graviton.db","benchmark/dp/tmp/q01_avg_price_all.sql"
tpch_q01_avg_price_all,tpch_q01_avg_cols,q01_avg_price_all,1,dp_sass,average,customer,1,true,"",utility,18952.375177,0.117983,1,1,0.117983,,,,0.000774176030425797,1,1,0.000774176030425797,,,,0.118757981734387,1,1,0.118757981734387,,,,0.176325798034568,0.176325798034568,0.176325798034568,,,,,,,,,,1,1e-06,30,10500000,"",100,1,0,1,1000000000,100000000000,"38193.1787109375","38283.4575195312","","","","","","",0.1,1,512,false,727149,"tpch_sf30_graviton.db","benchmark/dp/tmp/q01_avg_price_all.sql"
tpch_q01_avg_price_all,tpch_q01_avg_cols,q01_avg_price_all,1,dp_sass,average,customer,1,true,"",utility,18901.394976,0.00145486,1,1,0.00145486,,,,0.000775100695126939,1,1,0.000775100695126939,,,,0.000679766173526119,1,1,0.000679766173526119,,,,0.176325798034568,0.176325798034568,0.176325798034568,,,,,,,,,,1,1e-06,30,105000000,"",1000,1,0,1,10000000000,1000000000000,"38193.1787109375","38283.4575195312","","","","","","",1,1,512,false,727149,"tpch_sf30_graviton.db","benchmark/dp/tmp/q01_avg_price_all.sql"
tpch_q01_avg_price_all,tpch_q01_avg_cols,q01_avg_price_all,1,dp_sass,average,customer,1,true,"",utility,18862.706724,0.00145486,1,1,0.00145486,,,,0.000775100695126939,1,1,0.000775100695126939,,,,0.000679766173526119,1,1,0.000679766173526119,,,,0.176325798034568,0.176325798034568,0.176325798034568,,,,,,,,,,1,1e-06,30,1050000000,"",10000,1,0,1,100000000000,10000000000000,"38193.1787109375","38283.4575195312","","","","","","",10,1,512,false,727149,"tpch_sf30_graviton.db","benchmark/dp/tmp/q01_avg_price_all.sql"
tpch_q01_avg_price_all,tpch_q01_avg_cols,q01_avg_price_all,1,dp_sass,average,customer,1,true,"",utility,18835.749848,0.00145486,1,1,0.00145486,,,,0.000775100695126939,1,1,0.000775100695126939,,,,0.000679766173526119,1,1,0.000679766173526119,,,,0.176325798034568,0.176325798034568,0.176325798034568,,,,,,,,,,1,1e-06,30,10500000000,"",100000,1,0,1,1000000000000,100000000000000,"38193.1787109375","38283.4575195312","","","","","","",100,1,512,false,727149,"tpch_sf30_graviton.db","benchmark/dp/tmp/q01_avg_price_all.sql"
tpch_q01_avg_price_all,tpch_q01_avg_cols,q01_avg_price_all,1,dp_sass,average,customer,2,true,"",utility,18936.317883,0.118802,1,1,0.118802,,,,4.4271415686623e-05,1,1,4.4271415686623e-05,,,,0.118757981734387,1,1,0.118757981734387,,,,0.176325798034568,0.176325798034568,0.176325798034568,,,,,,,,,,1,1e-06,30,1050000,"",10,1,0,1,100000000,10000000000,"38193.1787109375","38283.4575195312","","","","","","",0.01,1,512,false,737122,"tpch_sf30_graviton.db","benchmark/dp/tmp/q01_avg_price_all.sql"
tpch_q01_avg_price_all,tpch_q01_avg_cols,q01_avg_price_all,1,dp_sass,average,customer,2,true,"",utility,18917.899327,0.118802,1,1,0.118802,,,,4.4271415686623e-05,1,1,4.4271415686623e-05,,,,0.118757981734387,1,1,0.118757981734387,,,,0.176325798034568,0.176325798034568,0.176325798034568,,,,,,,,,,1,1e-06,30,10500000,"",100,1,0,1,1000000000,100000000000,"38193.1787109375","38283.4575195312","","","","","","",0.1,1,512,false,737122,"tpch_sf30_graviton.db","benchmark/dp/tmp/q01_avg_price_all.sql"
tpch_q01_avg_price_all,tpch_q01_avg_cols,q01_avg_price_all,1,dp_sass,average,customer,2,true,"",utility,19049.60226,0.000635442,1,1,0.000635442,,,,4.4324292827927e-05,1,1,4.4324292827927e-05,,,,0.000679766173526119,1,1,0.000679766173526119,,,,0.176325798034568,0.176325798034568,0.176325798034568,,,,,,,,,,1,1e-06,30,105000000,"",1000,1,0,1,10000000000,1000000000000,"38193.1787109375","38283.4575195312","","","","","","",1,1,512,false,737122,"tpch_sf30_graviton.db","benchmark/dp/tmp/q01_avg_price_all.sql"
tpch_q01_avg_price_all,tpch_q01_avg_cols,q01_avg_price_all,1,dp_sass,average,customer,2,true,"",utility,19170.242989,0.000635442,1,1,0.000635442,,,,4.4324292827927e-05,1,1,4.4324292827927e-05,,,,0.000679766173526119,1,1,0.000679766173526119,,,,0.176325798034568,0.176325798034568,0.176325798034568,,,,,,,,,,1,1e-06,30,1050000000,"",10000,1,0,1,100000000000,10000000000000,"38193.1787109375","38283.4575195312","","","","","","",10,1,512,false,737122,"tpch_sf30_graviton.db","benchmark/dp/tmp/q01_avg_price_all.sql"
tpch_q01_avg_price_all,tpch_q01_avg_cols,q01_avg_price_all,1,dp_sass,average,customer,2,true,"",utility,19107.785558,0.000635442,1,1,0.000635442,,,,4.4324292827927e-05,1,1,4.4324292827927e-05,,,,0.000679766173526119,1,1,0.000679766173526119,,,,0.176325798034568,0.176325798034568,0.176325798034568,,,,,,,,,,1,1e-06,30,10500000000,"",100000,1,0,1,1000000000000,100000000000000,"38193.1787109375","38283.4575195312","","","","","","",100,1,512,false,737122,"tpch_sf30_graviton.db","benchmark/dp/tmp/q01_avg_price_all.sql"
tpch_q01_avg_disc_all,tpch_q01_avg_cols,q01_avg_disc_all,1,duckdb,-,customer,0,true,"",utility,63.125162,0,1,1,0,,,,,,,,,,,,,,,,,,,,,,,,,,,,,,1,0,30,1000,"",1000,1,0,1,0,0,"","","","","","","","",1,1,64,true,717182,"tpch_sf30_graviton.db","benchmark/dp/tmp/q01_avg_disc_all.sql"
tpch_q01_avg_disc_all,tpch_q01_avg_cols,q01_avg_disc_all,1,dp_standard,-,customer,0,true,"",utility,1792.540825,0.019572,1,1,0.019572,,,,,,,,,,,,,,,,,,,,,,,,,,,,,,1,1e-06,30,1,"",10,1,0,1,0,0,"0","0.1","","","","","","",0.01,1,64,true,717182,"tpch_sf30_graviton.db","benchmark/dp/tmp/q01_avg_disc_all.sql"
tpch_q01_avg_disc_all,tpch_q01_avg_cols,q01_avg_disc_all,1,dp_standard,-,customer,0,true,"",utility,1938.34983,2.91725e-05,1,1,2.91725e-05,,,,,,,,,,,,,,,,,,,,,,,,,,,,,,1,1e-06,30,10,"",100,1,0,1,0,0,"0","0.1","","","","","","",0.1,1,64,true,717182,"tpch_sf30_graviton.db","benchmark/dp/tmp/q01_avg_disc_all.sql"
tpch_q01_avg_disc_all,tpch_q01_avg_cols,q01_avg_disc_all,1,dp_standard,-,customer,0,true,"",utility,1970.108024,0.000738282,1,1,0.000738282,,,,,,,,,,,,,,,,,,,,,,,,,,,,,,1,1e-06,30,100,"",1000,1,0,1,0,0,"0","0.1","","","","","","",1,1,64,true,717182,"tpch_sf30_graviton.db","benchmark/dp/tmp/q01_avg_disc_all.sql"
tpch_q01_avg_disc_all,tpch_q01_avg_cols,q01_avg_disc_all,1,dp_standard,-,customer,0,true,"",utility,1964.797696,0.00738232,1,1,0.00738232,,,,,,,,,,,,,,,,,,,,,,,,,,,,,,1,1e-06,30,1000,"",10000,1,0,1,0,0,"0","0.1","","","","","","",10,1,64,true,717182,"tpch_sf30_graviton.db","benchmark/dp/tmp/q01_avg_disc_all.sql"
tpch_q01_avg_disc_all,tpch_q01_avg_cols,q01_avg_disc_all,1,dp_standard,-,customer,0,true,"",utility,2049.49151,0.073773,1,1,0.073773,,,,,,,,,,,,,,,,,,,,,,,,,,,,,,1,1e-06,30,10000,"",100000,1,0,1,0,0,"0","0.1","","","","","","",100,1,64,true,717182,"tpch_sf30_graviton.db","benchmark/dp/tmp/q01_avg_disc_all.sql"
tpch_q01_avg_disc_all,tpch_q01_avg_cols,q01_avg_disc_all,1,dp_elastic,-,customer,0,true,"",utility,837.906267,0.00148869,1,1,0.00148869,,,,,,,,,,,,,,,,,,,,,,,,,,,,,,1,1e-06,30,1,"",10,1,0,1,0,0,"0","0.1","","","","","","",0.01,1,64,true,717182,"tpch_sf30_graviton.db","benchmark/dp/tmp/q01_avg_disc_all.sql"
tpch_q01_avg_disc_all,tpch_q01_avg_cols,q01_avg_disc_all,1,dp_elastic,-,customer,0,true,"",utility,856.151497,0.00148869,1,1,0.00148869,,,,,,,,,,,,,,,,,,,,,,,,,,,,,,1,1e-06,30,10,"",100,1,0,1,0,0,"0","0.1","","","","","","",0.1,1,64,true,717182,"tpch_sf30_graviton.db","benchmark/dp/tmp/q01_avg_disc_all.sql"
tpch_q01_avg_disc_all,tpch_q01_avg_cols,q01_avg_disc_all,1,dp_elastic,-,customer,0,true,"",utility,832.097405,0.00148869,1,1,0.00148869,,,,,,,,,,,,,,,,,,,,,,,,,,,,,,1,1e-06,30,100,"",1000,1,0,1,0,0,"0","0.1","","","","","","",1,1,64,true,717182,"tpch_sf30_graviton.db","benchmark/dp/tmp/q01_avg_disc_all.sql"
tpch_q01_avg_disc_all,tpch_q01_avg_cols,q01_avg_disc_all,1,dp_elastic,-,customer,0,true,"",utility,814.108844,0.00148869,1,1,0.00148869,,,,,,,,,,,,,,,,,,,,,,,,,,,,,,1,1e-06,30,1000,"",10000,1,0,1,0,0,"0","0.1","","","","","","",10,1,64,true,717182,"tpch_sf30_graviton.db","benchmark/dp/tmp/q01_avg_disc_all.sql"
tpch_q01_avg_disc_all,tpch_q01_avg_cols,q01_avg_disc_all,1,dp_elastic,-,customer,0,true,"",utility,810.996844,0.00148869,1,1,0.00148869,,,,,,,,,,,,,,,,,,,,,,,,,,,,,,1,1e-06,30,10000,"",100000,1,0,1,0,0,"0","0.1","","","","","","",100,1,64,true,717182,"tpch_sf30_graviton.db","benchmark/dp/tmp/q01_avg_disc_all.sql"
tpch_q01_avg_disc_all,tpch_q01_avg_cols,q01_avg_disc_all,1,duckdb,-,customer,1,true,"",utility,35.058945,0,1,1,0,,,,,,,,,,,,,,,,,,,,,,,,,,,,,,1,0,30,1000,"",1000,1,0,1,0,0,"","","","","","","","",1,1,64,true,727155,"tpch_sf30_graviton.db","benchmark/dp/tmp/q01_avg_disc_all.sql"
tpch_q01_avg_disc_all,tpch_q01_avg_cols,q01_avg_disc_all,1,dp_standard,-,customer,1,true,"",utility,1892.825244,0.0195396,1,1,0.0195396,,,,,,,,,,,,,,,,,,,,,,,,,,,,,,1,1e-06,30,1,"",10,1,0,1,0,0,"0","0.1","","","","","","",0.01,1,64,true,727155,"tpch_sf30_graviton.db","benchmark/dp/tmp/q01_avg_disc_all.sql"
tpch_q01_avg_disc_all,tpch_q01_avg_cols,q01_avg_disc_all,1,dp_standard,-,customer,1,true,"",utility,2081.336276,8.46467e-05,1,1,8.46467e-05,,,,,,,,,,,,,,,,,,,,,,,,,,,,,,1,1e-06,30,10,"",100,1,0,1,0,0,"0","0.1","","","","","","",0.1,1,64,true,727155,"tpch_sf30_graviton.db","benchmark/dp/tmp/q01_avg_disc_all.sql"
tpch_q01_avg_disc_all,tpch_q01_avg_cols,q01_avg_disc_all,1,dp_standard,-,customer,1,true,"",utility,2064.161737,0.00128524,1,1,0.00128524,,,,,,,,,,,,,,,,,,,,,,,,,,,,,,1,1e-06,30,100,"",1000,1,0,1,0,0,"0","0.1","","","","","","",1,1,64,true,727155,"tpch_sf30_graviton.db","benchmark/dp/tmp/q01_avg_disc_all.sql"
tpch_q01_avg_disc_all,tpch_q01_avg_cols,q01_avg_disc_all,1,dp_standard,-,customer,1,true,"",utility,2112.166717,0.0128504,1,1,0.0128504,,,,,,,,,,,,,,,,,,,,,,,,,,,,,,1,1e-06,30,1000,"",10000,1,0,1,0,0,"0","0.1","","","","","","",10,1,64,true,727155,"tpch_sf30_graviton.db","benchmark/dp/tmp/q01_avg_disc_all.sql"
tpch_q01_avg_disc_all,tpch_q01_avg_cols,q01_avg_disc_all,1,dp_standard,-,customer,1,true,"",utility,2068.541105,0.128297,1,1,0.128297,,,,,,,,,,,,,,,,,,,,,,,,,,,,,,1,1e-06,30,10000,"",100000,1,0,1,0,0,"0","0.1","","","","","","",100,1,64,true,727155,"tpch_sf30_graviton.db","benchmark/dp/tmp/q01_avg_disc_all.sql"
tpch_q01_avg_disc_all,tpch_q01_avg_cols,q01_avg_disc_all,1,dp_elastic,-,customer,1,true,"",utility,881.199377,0.00259157,1,1,0.00259157,,,,,,,,,,,,,,,,,,,,,,,,,,,,,,1,1e-06,30,1,"",10,1,0,1,0,0,"0","0.1","","","","","","",0.01,1,64,true,727155,"tpch_sf30_graviton.db","benchmark/dp/tmp/q01_avg_disc_all.sql"
tpch_q01_avg_disc_all,tpch_q01_avg_cols,q01_avg_disc_all,1,dp_elastic,-,customer,1,true,"",utility,842.961249,0.00259157,1,1,0.00259157,,,,,,,,,,,,,,,,,,,,,,,,,,,,,,1,1e-06,30,10,"",100,1,0,1,0,0,"0","0.1","","","","","","",0.1,1,64,true,727155,"tpch_sf30_graviton.db","benchmark/dp/tmp/q01_avg_disc_all.sql"
tpch_q01_avg_disc_all,tpch_q01_avg_cols,q01_avg_disc_all,1,dp_elastic,-,customer,1,true,"",utility,830.26261,0.00259157,1,1,0.00259157,,,,,,,,,,,,,,,,,,,,,,,,,,,,,,1,1e-06,30,100,"",1000,1,0,1,0,0,"0","0.1","","","","","","",1,1,64,true,727155,"tpch_sf30_graviton.db","benchmark/dp/tmp/q01_avg_disc_all.sql"
tpch_q01_avg_disc_all,tpch_q01_avg_cols,q01_avg_disc_all,1,dp_elastic,-,customer,1,true,"",utility,815.422457,0.00259157,1,1,0.00259157,,,,,,,,,,,,,,,,,,,,,,,,,,,,,,1,1e-06,30,1000,"",10000,1,0,1,0,0,"0","0.1","","","","","","",10,1,64,true,727155,"tpch_sf30_graviton.db","benchmark/dp/tmp/q01_avg_disc_all.sql"
tpch_q01_avg_disc_all,tpch_q01_avg_cols,q01_avg_disc_all,1,dp_elastic,-,customer,1,true,"",utility,820.451743,0.00259157,1,1,0.00259157,,,,,,,,,,,,,,,,,,,,,,,,,,,,,,1,1e-06,30,10000,"",100000,1,0,1,0,0,"0","0.1","","","","","","",100,1,64,true,727155,"tpch_sf30_graviton.db","benchmark/dp/tmp/q01_avg_disc_all.sql"
tpch_q01_avg_disc_all,tpch_q01_avg_cols,q01_avg_disc_all,1,duckdb,-,customer,2,true,"",utility,35.050519,0,1,1,0,,,,,,,,,,,,,,,,,,,,,,,,,,,,,,1,0,30,1000,"",1000,1,0,1,0,0,"","","","","","","","",1,1,64,true,737128,"tpch_sf30_graviton.db","benchmark/dp/tmp/q01_avg_disc_all.sql"
tpch_q01_avg_disc_all,tpch_q01_avg_cols,q01_avg_disc_all,1,dp_standard,-,customer,2,true,"",utility,1921.016434,0.0194698,1,1,0.0194698,,,,,,,,,,,,,,,,,,,,,,,,,,,,,,1,1e-06,30,1,"",10,1,0,1,0,0,"0","0.1","","","","","","",0.01,1,64,true,737128,"tpch_sf30_graviton.db","benchmark/dp/tmp/q01_avg_disc_all.sql"
tpch_q01_avg_disc_all,tpch_q01_avg_cols,q01_avg_disc_all,1,dp_standard,-,customer,2,true,"",utility,2131.516879,0.000204168,1,1,0.000204168,,,,,,,,,,,,,,,,,,,,,,,,,,,,,,1,1e-06,30,10,"",100,1,0,1,0,0,"0","0.1","","","","","","",0.1,1,64,true,737128,"tpch_sf30_graviton.db","benchmark/dp/tmp/q01_avg_disc_all.sql"
tpch_q01_avg_disc_all,tpch_q01_avg_cols,q01_avg_disc_all,1,dp_standard,-,customer,2,true,"",utility,2094.616297,0.00246375,1,1,0.00246375,,,,,,,,,,,,,,,,,,,,,,,,,,,,,,1,1e-06,30,100,"",1000,1,0,1,0,0,"0","0.1","","","","","","",1,1,64,true,737128,"tpch_sf30_graviton.db","benchmark/dp/tmp/q01_avg_disc_all.sql"
tpch_q01_avg_disc_all,tpch_q01_avg_cols,q01_avg_disc_all,1,dp_standard,-,customer,2,true,"",utility,2125.471964,0.024638,1,1,0.024638,,,,,,,,,,,,,,,,,,,,,,,,,,,,,,1,1e-06,30,1000,"",10000,1,0,1,0,0,"0","0.1","","","","","","",10,1,64,true,737128,"tpch_sf30_graviton.db","benchmark/dp/tmp/q01_avg_disc_all.sql"
tpch_q01_avg_disc_all,tpch_q01_avg_cols,q01_avg_disc_all,1,dp_standard,-,customer,2,true,"",utility,2097.348582,0.246426,1,1,0.246426,,,,,,,,,,,,,,,,,,,,,,,,,,,,,,1,1e-06,30,10000,"",100000,1,0,1,0,0,"0","0.1","","","","","","",100,1,64,true,737128,"tpch_sf30_graviton.db","benchmark/dp/tmp/q01_avg_disc_all.sql"
tpch_q01_avg_disc_all,tpch_q01_avg_cols,q01_avg_disc_all,1,dp_elastic,-,customer,2,true,"",utility,832.679405,0.00496801,1,1,0.00496801,,,,,,,,,,,,,,,,,,,,,,,,,,,,,,1,1e-06,30,1,"",10,1,0,1,0,0,"0","0.1","","","","","","",0.01,1,64,true,737128,"tpch_sf30_graviton.db","benchmark/dp/tmp/q01_avg_disc_all.sql"
tpch_q01_avg_disc_all,tpch_q01_avg_cols,q01_avg_disc_all,1,dp_elastic,-,customer,2,true,"",utility,877.110022,0.00496801,1,1,0.00496801,,,,,,,,,,,,,,,,,,,,,,,,,,,,,,1,1e-06,30,10,"",100,1,0,1,0,0,"0","0.1","","","","","","",0.1,1,64,true,737128,"tpch_sf30_graviton.db","benchmark/dp/tmp/q01_avg_disc_all.sql"
tpch_q01_avg_disc_all,tpch_q01_avg_cols,q01_avg_disc_all,1,dp_elastic,-,customer,2,true,"",utility,822.006841,0.00496801,1,1,0.00496801,,,,,,,,,,,,,,,,,,,,,,,,,,,,,,1,1e-06,30,100,"",1000,1,0,1,0,0,"0","0.1","","","","","","",1,1,64,true,737128,"tpch_sf30_graviton.db","benchmark/dp/tmp/q01_avg_disc_all.sql"
tpch_q01_avg_disc_all,tpch_q01_avg_cols,q01_avg_disc_all,1,dp_elastic,-,customer,2,true,"",utility,817.948447,0.00496801,1,1,0.00496801,,,,,,,,,,,,,,,,,,,,,,,,,,,,,,1,1e-06,30,1000,"",10000,1,0,1,0,0,"0","0.1","","","","","","",10,1,64,true,737128,"tpch_sf30_graviton.db","benchmark/dp/tmp/q01_avg_disc_all.sql"
tpch_q01_avg_disc_all,tpch_q01_avg_cols,q01_avg_disc_all,1,dp_elastic,-,customer,2,true,"",utility,810.258264,0.00496801,1,1,0.00496801,,,,,,,,,,,,,,,,,,,,,,,,,,,,,,1,1e-06,30,10000,"",100000,1,0,1,0,0,"0","0.1","","","","","","",100,1,64,true,737128,"tpch_sf30_graviton.db","benchmark/dp/tmp/q01_avg_disc_all.sql"
tpch_q01_avg_disc_all,tpch_q01_avg_cols,q01_avg_disc_all,1,dp_sass,average,customer,0,true,"",utility,1771.413333,0.0459212,1,1,0.0459212,,,,0.00184145535202735,1,1,0.00184145535202735,,,,0.0477634994719945,1,1,0.0477634994719945,,,,6.77595380693783e-07,6.77595380693783e-07,6.77595380693783e-07,,,,,,,,,,1,1e-06,30,1,"",10,1,0,1,100000000,10000000000,"0.0499789048917592","0.0500222709961236","","","","","","",0.01,1,64,false,717176,"tpch_sf30_graviton.db","benchmark/dp/tmp/q01_avg_disc_all.sql"
tpch_q01_avg_disc_all,tpch_q01_avg_cols,q01_avg_disc_all,1,dp_sass,average,customer,0,true,"",utility,19257.378973,0.0459212,1,1,0.0459212,,,,0.00184145535202735,1,1,0.00184145535202735,,,,0.0477634994719945,1,1,0.0477634994719945,,,,6.77595380693783e-07,6.77595380693783e-07,6.77595380693783e-07,,,,,,,,,,1,1e-06,30,10,"",100,1,0,1,1000000000,100000000000,"0.0499789048917592","0.0500222709961236","","","","","","",0.1,1,64,false,717176,"tpch_sf30_graviton.db","benchmark/dp/tmp/q01_avg_disc_all.sql"
tpch_q01_avg_disc_all,tpch_q01_avg_cols,q01_avg_disc_all,1,dp_sass,average,customer,0,true,"",utility,19013.853114,0.0036773,1,1,0.0036773,,,,0.00184236870242545,1,1,0.00184236870242545,,,,0.0018349682507321,1,1,0.0018349682507321,,,,6.77595380693783e-07,6.77595380693783e-07,6.77595380693783e-07,,,,,,,,,,1,1e-06,30,100,"",1000,1,0,1,10000000000,1000000000000,"0.0499789048917592","0.0500222709961236","","","","","","",1,1,64,false,717176,"tpch_sf30_graviton.db","benchmark/dp/tmp/q01_avg_disc_all.sql"
tpch_q01_avg_disc_all,tpch_q01_avg_cols,q01_avg_disc_all,1,dp_sass,average,customer,0,true,"",utility,18965.053913,0.0036773,1,1,0.0036773,,,,0.00184236870242545,1,1,0.00184236870242545,,,,0.0018349682507321,1,1,0.0018349682507321,,,,6.77595380693783e-07,6.77595380693783e-07,6.77595380693783e-07,,,,,,,,,,1,1e-06,30,1000,"",10000,1,0,1,100000000000,10000000000000,"0.0499789048917592","0.0500222709961236","","","","","","",10,1,64,false,717176,"tpch_sf30_graviton.db","benchmark/dp/tmp/q01_avg_disc_all.sql"
tpch_q01_avg_disc_all,tpch_q01_avg_cols,q01_avg_disc_all,1,dp_sass,average,customer,0,true,"",utility,19134.564944,0.0036773,1,1,0.0036773,,,,0.00184236870242545,1,1,0.00184236870242545,,,,0.0018349682507321,1,1,0.0018349682507321,,,,6.77595380693783e-07,6.77595380693783e-07,6.77595380693783e-07,,,,,,,,,,1,1e-06,30,10000,"",100000,1,0,1,1000000000000,100000000000000,"0.0499789048917592","0.0500222709961236","","","","","","",100,1,64,false,717176,"tpch_sf30_graviton.db","benchmark/dp/tmp/q01_avg_disc_all.sql"
tpch_q01_avg_disc_all,tpch_q01_avg_cols,q01_avg_disc_all,1,dp_sass,average,customer,1,true,"",utility,19049.267711,0.0454855,1,1,0.0454855,,,,0.00227688999272667,1,1,0.00227688999272667,,,,0.0477634994719945,1,1,0.0477634994719945,,,,6.77595380693783e-07,6.77595380693783e-07,6.77595380693783e-07,,,,,,,,,,1,1e-06,30,1,"",10,1,0,1,100000000,10000000000,"0.0499789048917592","0.0500222709961236","","","","","","",0.01,1,64,false,727149,"tpch_sf30_graviton.db","benchmark/dp/tmp/q01_avg_disc_all.sql"
tpch_q01_avg_disc_all,tpch_q01_avg_cols,q01_avg_disc_all,1,dp_sass,average,customer,1,true,"",utility,18980.870691,0.0454855,1,1,0.0454855,,,,0.00227688999272667,1,1,0.00227688999272667,,,,0.0477634994719945,1,1,0.0477634994719945,,,,6.77595380693783e-07,6.77595380693783e-07,6.77595380693783e-07,,,,,,,,,,1,1e-06,30,10,"",100,1,0,1,1000000000,100000000000,"0.0499789048917592","0.0500222709961236","","","","","","",0.1,1,64,false,727149,"tpch_sf30_graviton.db","benchmark/dp/tmp/q01_avg_disc_all.sql"
tpch_q01_avg_disc_all,tpch_q01_avg_cols,q01_avg_disc_all,1,dp_sass,average,customer,1,true,"",utility,19068.97618,0.00411295,1,1,0.00411295,,,,0.00227801931599752,1,1,0.00227801931599752,,,,0.0018349682507321,1,1,0.0018349682507321,,,,6.77595380693783e-07,6.77595380693783e-07,6.77595380693783e-07,,,,,,,,,,1,1e-06,30,100,"",1000,1,0,1,10000000000,1000000000000,"0.0499789048917592","0.0500222709961236","","","","","","",1,1,64,false,727149,"tpch_sf30_graviton.db","benchmark/dp/tmp/q01_avg_disc_all.sql"
tpch_q01_avg_disc_all,tpch_q01_avg_cols,q01_avg_disc_all,1,dp_sass,average,customer,1,true,"",utility,19304.67198,0.00411295,1,1,0.00411295,,,,0.00227801931599752,1,1,0.00227801931599752,,,,0.0018349682507321,1,1,0.0018349682507321,,,,6.77595380693783e-07,6.77595380693783e-07,6.77595380693783e-07,,,,,,,,,,1,1e-06,30,1000,"",10000,1,0,1,100000000000,10000000000000,"0.0499789048917592","0.0500222709961236","","","","","","",10,1,64,false,727149,"tpch_sf30_graviton.db","benchmark/dp/tmp/q01_avg_disc_all.sql"
tpch_q01_avg_disc_all,tpch_q01_avg_cols,q01_avg_disc_all,1,dp_sass,average,customer,1,true,"",utility,19079.699417,0.00411295,1,1,0.00411295,,,,0.00227801931599752,1,1,0.00227801931599752,,,,0.0018349682507321,1,1,0.0018349682507321,,,,6.77595380693783e-07,6.77595380693783e-07,6.77595380693783e-07,,,,,,,,,,1,1e-06,30,10000,"",100000,1,0,1,1000000000000,100000000000000,"0.0499789048917592","0.0500222709961236","","","","","","",100,1,64,false,727149,"tpch_sf30_graviton.db","benchmark/dp/tmp/q01_avg_disc_all.sql"
tpch_q01_avg_disc_all,tpch_q01_avg_cols,q01_avg_disc_all,1,dp_sass,average,customer,2,true,"",utility,19031.139124,0.0478938,1,1,0.0478938,,,,0.000130204422999337,1,1,0.000130204422999337,,,,0.0477634994719945,1,1,0.0477634994719945,,,,6.77595380693783e-07,6.77595380693783e-07,6.77595380693783e-07,,,,,,,,,,1,1e-06,30,1,"",10,1,0,1,100000000,10000000000,"0.0499789048917592","0.0500222709961236","","","","","","",0.01,1,64,false,737122,"tpch_sf30_graviton.db","benchmark/dp/tmp/q01_avg_disc_all.sql"
tpch_q01_avg_disc_all,tpch_q01_avg_cols,q01_avg_disc_all,1,dp_sass,average,customer,2,true,"",utility,19111.799312,0.0478938,1,1,0.0478938,,,,0.000130204422999337,1,1,0.000130204422999337,,,,0.0477634994719945,1,1,0.0477634994719945,,,,6.77595380693783e-07,6.77595380693783e-07,6.77595380693783e-07,,,,,,,,,,1,1e-06,30,10,"",100,1,0,1,1000000000,100000000000,"0.0499789048917592","0.0500222709961236","","","","","","",0.1,1,64,false,737122,"tpch_sf30_graviton.db","benchmark/dp/tmp/q01_avg_disc_all.sql"
tpch_q01_avg_disc_all,tpch_q01_avg_cols,q01_avg_disc_all,1,dp_sass,average,customer,2,true,"",utility,19171.908089,0.0017047,1,1,0.0017047,,,,0.000130269003583085,1,1,0.000130269003583085,,,,0.0018349682507321,1,1,0.0018349682507321,,,,6.77595380693783e-07,6.77595380693783e-07,6.77595380693783e-07,,,,,,,,,,1,1e-06,30,100,"",1000,1,0,1,10000000000,1000000000000,"0.0499789048917592","0.0500222709961236","","","","","","",1,1,64,false,737122,"tpch_sf30_graviton.db","benchmark/dp/tmp/q01_avg_disc_all.sql"
tpch_q01_avg_disc_all,tpch_q01_avg_cols,q01_avg_disc_all,1,dp_sass,average,customer,2,true,"",utility,19245.144728,0.0017047,1,1,0.0017047,,,,0.000130269003583085,1,1,0.000130269003583085,,,,0.0018349682507321,1,1,0.0018349682507321,,,,6.77595380693783e-07,6.77595380693783e-07,6.77595380693783e-07,,,,,,,,,,1,1e-06,30,1000,"",10000,1,0,1,100000000000,10000000000000,"0.0499789048917592","0.0500222709961236","","","","","","",10,1,64,false,737122,"tpch_sf30_graviton.db","benchmark/dp/tmp/q01_avg_disc_all.sql"
tpch_q01_avg_disc_all,tpch_q01_avg_cols,q01_avg_disc_all,1,dp_sass,average,customer,2,true,"",utility,18921.808362,0.0017047,1,1,0.0017047,,,,0.000130269003583085,1,1,0.000130269003583085,,,,0.0018349682507321,1,1,0.0018349682507321,,,,6.77595380693783e-07,6.77595380693783e-07,6.77595380693783e-07,,,,,,,,,,1,1e-06,30,10000,"",100000,1,0,1,1000000000000,100000000000000,"0.0499789048917592","0.0500222709961236","","","","","","",100,1,64,false,737122,"tpch_sf30_graviton.db","benchmark/dp/tmp/q01_avg_disc_all.sql"
tpch_q01_avg_disc_all,tpch_q01_avg_cols,q01_avg_disc_all,1,dp_sass,average,customer,0,true,"",utility,1735.938203,0.11722,1,1,0.11722,,,,0.000659249617676386,1,1,0.000659249617676386,,,,0.1178803772438,1,1,0.1178803772438,,,,2.4275232135547e-07,2.4275232135547e-07,2.4275232135547e-07,,,,,,,,,,1,1e-06,30,1,"",10,1,0,1,100000000,10000000000,"0.0499330391176045","0.0500573283061385","","","","","","",0.01,1,512,false,717176,"tpch_sf30_graviton.db","benchmark/dp/tmp/q01_avg_disc_all.sql"
tpch_q01_avg_disc_all,tpch_q01_avg_cols,q01_avg_disc_all,1,dp_sass,average,customer,0,true,"",utility,18433.030354,0.11722,1,1,0.11722,,,,0.000659249617676386,1,1,0.000659249617676386,,,,0.1178803772438,1,1,0.1178803772438,,,,2.4275232135547e-07,2.4275232135547e-07,2.4275232135547e-07,,,,,,,,,,1,1e-06,30,10,"",100,1,0,1,1000000000,100000000000,"0.0499330391176045","0.0500573283061385","","","","","","",0.1,1,512,false,717176,"tpch_sf30_graviton.db","benchmark/dp/tmp/q01_avg_disc_all.sql"
tpch_q01_avg_disc_all,tpch_q01_avg_cols,q01_avg_disc_all,1,dp_sass,average,customer,0,true,"",utility,18430.462755,0.00123557,1,1,0.00123557,,,,0.000660030542396992,1,1,0.000660030542396992,,,,0.000575546746223083,1,1,0.000575546746223083,,,,2.4275232135547e-07,2.4275232135547e-07,2.4275232135547e-07,,,,,,,,,,1,1e-06,30,100,"",1000,1,0,1,10000000000,1000000000000,"0.0499330391176045","0.0500573283061385","","","","","","",1,1,512,false,717176,"tpch_sf30_graviton.db","benchmark/dp/tmp/q01_avg_disc_all.sql"
tpch_q01_avg_disc_all,tpch_q01_avg_cols,q01_avg_disc_all,1,dp_sass,average,customer,0,true,"",utility,18265.881399,0.00123557,1,1,0.00123557,,,,0.000660030542396992,1,1,0.000660030542396992,,,,0.000575546746223083,1,1,0.000575546746223083,,,,2.4275232135547e-07,2.4275232135547e-07,2.4275232135547e-07,,,,,,,,,,1,1e-06,30,1000,"",10000,1,0,1,100000000000,10000000000000,"0.0499330391176045","0.0500573283061385","","","","","","",10,1,512,false,717176,"tpch_sf30_graviton.db","benchmark/dp/tmp/q01_avg_disc_all.sql"
tpch_q01_avg_disc_all,tpch_q01_avg_cols,q01_avg_disc_all,1,dp_sass,average,customer,0,true,"",utility,18676.17691,0.00123557,1,1,0.00123557,,,,0.000660030542396992,1,1,0.000660030542396992,,,,0.000575546746223083,1,1,0.000575546746223083,,,,2.4275232135547e-07,2.4275232135547e-07,2.4275232135547e-07,,,,,,,,,,1,1e-06,30,10000,"",100000,1,0,1,1000000000000,100000000000000,"0.0499330391176045","0.0500573283061385","","","","","","",100,1,512,false,717176,"tpch_sf30_graviton.db","benchmark/dp/tmp/q01_avg_disc_all.sql"
tpch_q01_avg_disc_all,tpch_q01_avg_cols,q01_avg_disc_all,1,dp_sass,average,customer,1,true,"",utility,18817.019553,0.117064,1,1,0.117064,,,,0.000815137253007536,1,1,0.000815137253007536,,,,0.1178803772438,1,1,0.1178803772438,,,,2.4275232135547e-07,2.4275232135547e-07,2.4275232135547e-07,,,,,,,,,,1,1e-06,30,1,"",10,1,0,1,100000000,10000000000,"0.0499330391176045","0.0500573283061385","","","","","","",0.01,1,512,false,727149,"tpch_sf30_graviton.db","benchmark/dp/tmp/q01_avg_disc_all.sql"
tpch_q01_avg_disc_all,tpch_q01_avg_cols,q01_avg_disc_all,1,dp_sass,average,customer,1,true,"",utility,18621.374764,0.117064,1,1,0.117064,,,,0.000815137253007536,1,1,0.000815137253007536,,,,0.1178803772438,1,1,0.1178803772438,,,,2.4275232135547e-07,2.4275232135547e-07,2.4275232135547e-07,,,,,,,,,,1,1e-06,30,10,"",100,1,0,1,1000000000,100000000000,"0.0499330391176045","0.0500573283061385","","","","","","",0.1,1,512,false,727149,"tpch_sf30_graviton.db","benchmark/dp/tmp/q01_avg_disc_all.sql"
tpch_q01_avg_disc_all,tpch_q01_avg_cols,q01_avg_disc_all,1,dp_sass,average,customer,1,true,"",utility,18409.985391,0.00139164,1,1,0.00139164,,,,0.00081610283692976,1,1,0.00081610283692976,,,,0.000575546746223083,1,1,0.000575546746223083,,,,2.4275232135547e-07,2.4275232135547e-07,2.4275232135547e-07,,,,,,,,,,1,1e-06,30,100,"",1000,1,0,1,10000000000,1000000000000,"0.0499330391176045","0.0500573283061385","","","","","","",1,1,512,false,727149,"tpch_sf30_graviton.db","benchmark/dp/tmp/q01_avg_disc_all.sql"
tpch_q01_avg_disc_all,tpch_q01_avg_cols,q01_avg_disc_all,1,dp_sass,average,customer,1,true,"",utility,18611.796234,0.00139164,1,1,0.00139164,,,,0.00081610283692976,1,1,0.00081610283692976,,,,0.000575546746223083,1,1,0.000575546746223083,,,,2.4275232135547e-07,2.4275232135547e-07,2.4275232135547e-07,,,,,,,,,,1,1e-06,30,1000,"",10000,1,0,1,100000000000,10000000000000,"0.0499330391176045","0.0500573283061385","","","","","","",10,1,512,false,727149,"tpch_sf30_graviton.db","benchmark/dp/tmp/q01_avg_disc_all.sql"
tpch_q01_avg_disc_all,tpch_q01_avg_cols,q01_avg_disc_all,1,dp_sass,average,customer,1,true,"",utility,18752.863665,0.00139164,1,1,0.00139164,,,,0.00081610283692976,1,1,0.00081610283692976,,,,0.000575546746223083,1,1,0.000575546746223083,,,,2.4275232135547e-07,2.4275232135547e-07,2.4275232135547e-07,,,,,,,,,,1,1e-06,30,10000,"",100000,1,0,1,1000000000000,100000000000000,"0.0499330391176045","0.0500573283061385","","","","","","",100,1,512,false,727149,"tpch_sf30_graviton.db","benchmark/dp/tmp/q01_avg_disc_all.sql"
tpch_q01_avg_disc_all,tpch_q01_avg_cols,q01_avg_disc_all,1,dp_sass,average,customer,2,true,"",utility,18748.122657,0.117927,1,1,0.117927,,,,4.66137916411663e-05,1,1,4.66137916411663e-05,,,,0.1178803772438,1,1,0.1178803772438,,,,2.4275232135547e-07,2.4275232135547e-07,2.4275232135547e-07,,,,,,,,,,1,1e-06,30,1,"",10,1,0,1,100000000,10000000000,"0.0499330391176045","0.0500573283061385","","","","","","",0.01,1,512,false,737122,"tpch_sf30_graviton.db","benchmark/dp/tmp/q01_avg_disc_all.sql"
tpch_q01_avg_disc_all,tpch_q01_avg_cols,q01_avg_disc_all,1,dp_sass,average,customer,2,true,"",utility,18910.376789,0.117927,1,1,0.117927,,,,4.66137916411663e-05,1,1,4.66137916411663e-05,,,,0.1178803772438,1,1,0.1178803772438,,,,2.4275232135547e-07,2.4275232135547e-07,2.4275232135547e-07,,,,,,,,,,1,1e-06,30,10,"",100,1,0,1,1000000000,100000000000,"0.0499330391176045","0.0500573283061385","","","","","","",0.1,1,512,false,737122,"tpch_sf30_graviton.db","benchmark/dp/tmp/q01_avg_disc_all.sql"
tpch_q01_avg_disc_all,tpch_q01_avg_cols,q01_avg_disc_all,1,dp_sass,average,customer,2,true,"",utility,19412.405348,0.000528878,1,1,0.000528878,,,,4.66690087565619e-05,1,1,4.66690087565619e-05,,,,0.000575546746223083,1,1,0.000575546746223083,,,,2.4275232135547e-07,2.4275232135547e-07,2.4275232135547e-07,,,,,,,,,,1,1e-06,30,100,"",1000,1,0,1,10000000000,1000000000000,"0.0499330391176045","0.0500573283061385","","","","","","",1,1,512,false,737122,"tpch_sf30_graviton.db","benchmark/dp/tmp/q01_avg_disc_all.sql"
tpch_q01_avg_disc_all,tpch_q01_avg_cols,q01_avg_disc_all,1,dp_sass,average,customer,2,true,"",utility,19345.441585,0.000528878,1,1,0.000528878,,,,4.66690087565619e-05,1,1,4.66690087565619e-05,,,,0.000575546746223083,1,1,0.000575546746223083,,,,2.4275232135547e-07,2.4275232135547e-07,2.4275232135547e-07,,,,,,,,,,1,1e-06,30,1000,"",10000,1,0,1,100000000000,10000000000000,"0.0499330391176045","0.0500573283061385","","","","","","",10,1,512,false,737122,"tpch_sf30_graviton.db","benchmark/dp/tmp/q01_avg_disc_all.sql"
tpch_q01_avg_disc_all,tpch_q01_avg_cols,q01_avg_disc_all,1,dp_sass,average,customer,2,true,"",utility,19082.084683,0.000528878,1,1,0.000528878,,,,4.66690087565619e-05,1,1,4.66690087565619e-05,,,,0.000575546746223083,1,1,0.000575546746223083,,,,2.4275232135547e-07,2.4275232135547e-07,2.4275232135547e-07,,,,,,,,,,1,1e-06,30,10000,"",100000,1,0,1,1000000000000,100000000000000,"0.0499330391176045","0.0500573283061385","","","","","","",100,1,512,false,737122,"tpch_sf30_graviton.db","benchmark/dp/tmp/q01_avg_disc_all.sql"
